event_id,ra,dec,energy,arrival_time,instrument,t90_s
GRB 041217,164.79,-17.944,2.7e-06,2004-12-17T07:28:25.920000,Swift-BAT,5.65
GRB 041218,24.781667,71.341667,0.0,2004-12-18T15:45:25,Swift-BAT,0.0
GRB 041219A,6.115,62.84247,0.0,2004-12-19T01:42:18.000000,Swift-BAT,0.0
GRB 041219B,167.674,-33.458,0.0,2004-12-19T15:38:48.000000,Swift-BAT,0.0
GRB 041219C,343.882,-76.786,1.14e-06,2004-12-19T20:30:34.000000,Swift-BAT,10.0
GRB 041220,291.301,60.596,3.66e-07,2004-12-20T22:58:26.599560,Swift-BAT,5.58
GRB 041223,100.19721,-37.073094,1.7e-05,2004-12-23T14:06:17.956380,Swift-BAT,109.08
GRB 041224,56.192,-6.666,8.53e-06,2004-12-24T20:20:57.698840,Swift-BAT,177.17
GRB 041226,79.647,73.343,3.1e-07,2004-12-26T20:34:18.976400,Swift-BAT,89.5
GRB 041228,336.649,5.027,3.45e-06,2004-12-28T10:49:14.142460,Swift-BAT,52.16
GRB 050117,358.46874,65.93879,8.67e-06,2005-01-17T12:52:36.037100,Swift-BAT,166.65
GRB 050124,192.87792,13.045,1.18e-06,2005-01-24T11:30:02.876080,Swift-BAT,3.93
GRB 050126,278.11321,42.37044,8.8e-07,2005-01-26T12:00:54.073440,Swift-BAT,48.0
GRB 050128,219.573583,-34.765194,5.11e-06,2005-01-28T04:19:55.191240,Swift-BAT,28.0
GRB 050202,290.583,-38.733,3.16e-08,2005-02-02T03:35:14.800740,Swift-BAT,0.11
GRB 050209,126.5375,19.68389,0.0,2005-02-09T01:31:41,Swift-BAT,0.0
GRB 050215A,348.411,49.322,6.39e-07,2005-02-15T02:15:28.543100,Swift-BAT,66.41
GRB 050215B,174.44958,40.796,2.35e-07,2005-02-15T02:33:43.199080,Swift-BAT,10.62
GRB 050219A,166.412417,-40.684194,4.08e-06,2005-02-19T12:40:01.049120,Swift-BAT,23.84
GRB 050219B,81.31662,-57.75797,1.58e-05,2005-02-19T21:05:51.256640,Swift-BAT,28.74
GRB 050223,271.38538,-62.47252,6.46e-07,2005-02-23T03:09:06.068200,Swift-BAT,21.68
GRB 050306,282.31033,-9.15278,1.14e-05,2005-03-06T03:33:11.876760,Swift-BAT,158.43
GRB 050315,306.47542,-42.60061,3.17e-06,2005-03-15T20:59:42.518900,Swift-BAT,95.57
GRB 050318,49.7125,-46.39556,0.0,2005-03-18T15:44:37.170860,Swift-BAT,40.0
GRB 050319,154.19958,43.54847,1.33e-06,2005-03-19T09:31:18.449780,Swift-BAT,151.74
GRB 050326,6.95458,-71.37119,8.84e-06,2005-03-26T09:53:56.135600,Swift-BAT,29.44
GRB 050401,247.87004,2.18728,8.31e-06,2005-04-01T14:20:15.326620,Swift-BAT,33.3
GRB 050406,34.46792,-50.1875,6.7e-08,2005-04-06T15:58:48.407200,Swift-BAT,4.79
GRB 050408,180.57212,10.85261,0.0,2005-04-08T16:22:50.93,Swift-BAT,0.0
GRB 050410,89.808792,79.603444,4.35e-06,2005-04-10T12:14:33.553380,Swift-BAT,64.0
GRB 050412,181.105333,-1.200167,6.29e-07,2005-04-12T05:44:02.894760,Swift-BAT,26.46
GRB 050416A,188.4775,21.05742,4.07e-07,2005-04-16T11:04:44.488360,Swift-BAT,6.62
GRB 050416B,133.847,11.186,1.11e-06,2005-04-16T22:35:54.119620,Swift-BAT,3.4
GRB 050418,44.339,-18.542,5.11e-06,2005-04-18T11:00:34.629320,Swift-BAT,81.78
GRB 050421,307.261458,73.654917,1.43e-07,2005-04-21T04:11:51.617220,Swift-BAT,11.04
GRB 050422,324.477958,55.779167,5.96e-07,2005-04-22T07:52:39.807480,Swift-BAT,80.0
GRB 050502A,202.44292,42.67436,0.0,2005-05-02T02:13:57,Swift-BAT,0.0
GRB 050502B,142.541767,16.996686,4.71e-07,2005-05-02T09:25:40.464300,Swift-BAT,16.62
GRB 050504,201.005167,40.704194,0.0,2005-05-04T08:00:52.5,Swift-BAT,0.0
GRB 050505,141.76375,30.27325,2.51e-06,2005-05-05T23:22:21.098760,Swift-BAT,58.88
GRB 050507,48.064,-11.051,0.0,2005-05-07T22:43:18.311680,Swift-BAT,217.6
GRB 050509A,310.583583,54.07125,3.36e-07,2005-05-09T01:46:28.517900,Swift-BAT,11.39
GRB 050509B,189.057708,28.984361,7.11e-09,2005-05-09T04:00:19.237760,Swift-BAT,0.02
GRB 050509C,193.22475,-44.83447,0.0,2005-05-09T22:45:54,Swift-BAT,0.0
GRB 050520,192.524917,30.451222,0.0,2005-05-20T00:05:53,Swift-BAT,0.0
GRB 050522,200.14429,24.789,0.0,2005-05-22T06:00:21,Swift-BAT,0.0
GRB 050525A,278.13583,26.33986,1.51e-05,2005-05-25T00:02:53.517080,Swift-BAT,8.84
GRB 050528,353.528,45.958,4.47e-07,2005-05-28T04:06:45.128040,Swift-BAT,10.08
GRB 050603,39.987046,-25.181833,7.03e-06,2005-06-03T06:29:05.214200,Swift-BAT,22.0
GRB 050607,300.17829,9.14208,6.12e-07,2005-06-07T09:11:22.807560,Swift-BAT,48.0
GRB 050626,186.7445,-63.1342,0.0,2005-06-26T03:45:16,Swift-BAT,0.0
GRB 050701,227.257,-59.414583,1.36e-06,2005-07-01T11:42:59.472220,Swift-BAT,30.4
GRB 050709,345.36233,-38.97764,0.0,2005-07-09T22:36:37,Swift-BAT,0.0
GRB 050712,77.70042,64.91322,1.09e-06,2005-07-12T14:00:27.517820,Swift-BAT,51.61
GRB 050713A,320.53971,77.07486,5.05e-06,2005-07-13T04:29:02.396820,Swift-BAT,94.91
GRB 050713B,307.814583,60.944,4.32e-06,2005-07-13T12:07:17.628280,Swift-BAT,122.03
GRB 050714A,43.595792,69.112722,0.0,2005-07-14T00:05:56,Swift-BAT,0.0
GRB 050714B,169.698792,-15.546944,5.27e-07,2005-07-14T22:40:32.377900,Swift-BAT,46.87
GRB 050715,155.656,-0.033,1.38e-06,2005-07-15T22:30:26.424240,Swift-BAT,49.62
GRB 050716,338.58638,38.68433,6.15e-06,2005-07-16T12:36:03.639280,Swift-BAT,69.02
GRB 050717,214.352,-50.533528,6.34e-06,2005-07-17T10:30:52.293760,Swift-BAT,77.84
GRB 050721,253.43554,-28.38106,3.61e-06,2005-07-21T04:29:14.287540,Swift-BAT,94.37
GRB 050724,246.18492,-27.54097,1.01e-06,2005-07-24T12:34:09.361840,Swift-BAT,99.14
GRB 050726,200.04958,-32.06442,1.97e-06,2005-07-26T05:00:17.830940,Swift-BAT,49.7
GRB 050730,212.07142,-3.77161,2.37e-06,2005-07-30T19:58:23.199020,Swift-BAT,145.05
GRB 050801,204.1475,-21.92833,3.08e-07,2005-08-01T18:28:02.075720,Swift-BAT,19.4
GRB 050802,219.27371,27.78672,2.21e-06,2005-08-02T10:08:02.266620,Swift-BAT,27.46
GRB 050803,350.657708,5.785694,2.17e-06,2005-08-03T19:14:00.344280,Swift-BAT,88.12
GRB 050813,241.987375,11.249194,3.65e-08,2005-08-13T06:45:09.768120,Swift-BAT,0.45
GRB 050814,264.189125,46.33933,1.95e-06,2005-08-14T11:38:56.966000,Swift-BAT,144.0
GRB 050815,293.596446,9.14652,7.88e-08,2005-08-15T17:25:18.723840,Swift-BAT,2.38
GRB 050819,358.75675,24.860833,3.06e-07,2005-08-19T16:23:55.132880,Swift-BAT,37.72
GRB 050820A,337.40879,19.56031,0.0,2005-08-20T06:34:53.115840,Swift-BAT,0.0
GRB 050820B,135.60429,-72.64556,2.05e-06,2005-08-20T23:50:27.194600,Swift-BAT,12.06
GRB 050822,51.11325,-46.033333,2.48e-06,2005-08-22T03:49:29.144560,Swift-BAT,104.12
GRB 050824,12.23375,22.60889,2.73e-07,2005-08-24T23:12:16.307660,Swift-BAT,24.82
GRB 050826,87.75658,-2.643278,4.2e-07,2005-08-26T06:18:10.289400,Swift-BAT,35.73
GRB 050827,64.290042,18.200389,2.09e-06,2005-08-27T18:57:15.118740,Swift-BAT,49.98
GRB 050904,13.71164,14.08595,5.2e-06,2005-09-04T01:51:44.290000,Swift-BAT,181.7
GRB 050906,52.806,-14.621,6.07e-09,2005-09-06T10:32:04.793880,Swift-BAT,0.153
GRB 050908,20.46146,-12.95478,4.83e-07,2005-09-08T05:42:31.386740,Swift-BAT,18.29
GRB 050911,13.714,-38.86,3.19e-07,2005-09-11T15:59:33.844660,Swift-BAT,16.24
GRB 050915A,81.686683,-28.016464,8.45e-07,2005-09-15T11:22:42.317800,Swift-BAT,53.42
GRB 050915B,219.10825,-67.409333,3.41e-06,2005-09-15T21:23:04.269060,Swift-BAT,43.16
GRB 050916,135.988125,-51.428806,1.11e-06,2005-09-16T16:35:52.267640,Swift-BAT,80.0
GRB 050918,267.6195,-25.4114,0.0,2005-09-18T15:36:39,Swift-BAT,0.0
GRB 050922A,271.1541,-32.0235,0.0,2005-09-22T13:43:18,Swift-BAT,0.0
GRB 050922B,5.805708,-5.604639,2.36e-06,2005-09-22T15:02:00.257060,Swift-BAT,156.29
GRB 050922C,317.38875,-8.757639,1.62e-06,2005-09-22T19:55:50.400700,Swift-BAT,4.54
GRB 050925,303.487,34.33,7.66e-08,2005-09-25T09:04:33.628160,Swift-BAT,0.09
GRB 051001,350.953,-31.523167,1.76e-06,2005-10-01T11:11:36.241320,Swift-BAT,190.63
GRB 051006,110.808917,9.505556,1.24e-06,2005-10-06T20:30:33.255560,Swift-BAT,26.04
GRB 051008,202.873417,42.098167,0.0,2005-10-08T16:33:21.316200,Swift-BAT,64.0
GRB 051012,270.535,-52.783,2.06e-07,2005-10-12T17:05:56.957000,Swift-BAT,24.0
GRB 051016A,122.81925,-18.298,8.38e-07,2005-10-16T05:23:31.350440,Swift-BAT,21.0
GRB 051016B,132.11588,13.65556,1.7e-07,2005-10-16T18:28:08.981460,Swift-BAT,4.02
GRB 051021A,29.15163,9.06769,0.0,2005-10-21T13:21:57,Swift-BAT,0.0
GRB 051021B,126.050958,-45.541111,8.22e-07,2005-10-21T23:31:53.676000,Swift-BAT,46.53
GRB 051022,359.01708,19.60672,0.0,2005-10-22T13:07:58,Swift-BAT,0.0
GRB 051028,27.06254,47.75256,0.0,2005-10-28T13:36:01.47,Swift-BAT,0.0
GRB 051105A,265.3,34.945,1.67e-08,2005-11-05T06:26:41.537840,Swift-BAT,0.06
GRB 051105B,9.4771,-40.4812,0.0,2005-11-05T11:05:50,Swift-BAT,0.0
GRB 051109A,330.313804,40.823142,2.17e-06,2005-11-09T01:12:20.522800,Swift-BAT,37.2
GRB 051109B,345.459833,38.679639,2.26e-07,2005-11-09T08:39:39.370220,Swift-BAT,13.38
GRB 051111,348.13833,18.37475,4.27e-06,2005-11-11T05:59:41.478720,Swift-BAT,64.0
GRB 051113,187.244,-26.392,2.58e-06,2005-11-13T15:22:34.722320,Swift-BAT,93.28
GRB 051114,226.273,60.157,1.24e-07,2005-11-14T04:11:29.441000,Swift-BAT,4.5
GRB 051117A,228.39204,30.87019,4.36e-06,2005-11-17T10:51:20.091280,Swift-BAT,136.85
GRB 051117B,85.18075,-19.274222,1.75e-07,2005-11-17T13:22:54.427080,Swift-BAT,9.01
GRB 051210,330.17125,-57.613583,8.6e-08,2005-12-10T05:46:21.168500,Swift-BAT,1.3
GRB 051211A,104.05417,32.67889,0.0,2005-12-11T02:50:05.4,Swift-BAT,0.0
GRB 051211B,345.67321,55.08097,0.0,2005-12-11T22:05:44,Swift-BAT,0.0
GRB 051213,252.093,-59.231,7.97e-07,2005-12-13T07:13:04.106720,Swift-BAT,71.06
GRB 051221A,328.70267,16.890956,1.16e-06,2005-12-21T01:51:15.868000,Swift-BAT,1.4
GRB 051221B,312.397292,53.036417,9.12e-07,2005-12-21T20:03:20.090560,Swift-BAT,39.91
GRB 051227,125.24212,31.925525,7.15e-07,2005-12-27T18:07:16.047360,Swift-BAT,115.4
GRB 060102,328.841,-1.836,2.34e-07,2006-01-02T21:17:27.963420,Swift-BAT,19.0
GRB 060105,297.502833,46.348889,1.82e-05,2006-01-05T06:49:27.446760,Swift-BAT,54.38
GRB 060108,147.00825,31.91906,3.72e-07,2006-01-08T14:39:11.760360,Swift-BAT,14.22
GRB 060109,282.681875,31.990917,6.62e-07,2006-01-09T16:54:41.230260,Swift-BAT,115.62
GRB 060110,72.74104,28.43214,1.51e-06,2006-01-10T08:01:17.773060,Swift-BAT,21.14
GRB 060111A,276.204717,37.604019,1.2e-06,2006-01-11T04:23:06.123420,Swift-BAT,13.21
GRB 060111B,286.42696,70.37586,1.62e-06,2006-01-11T20:15:43.242160,Swift-BAT,58.83
GRB 060114,195.2766,-4.748,0.0,2006-01-14T12:39:44,Swift-BAT,0.0
GRB 060115,54.035,17.34528,1.71e-06,2006-01-15T13:08:00.643040,Swift-BAT,122.21
GRB 060116,84.69283,-5.436983,2.39e-06,2006-01-16T08:37:27.233480,Swift-BAT,104.83
GRB 060117,327.90054,-59.977528,2.05e-05,2006-01-17T06:50:01.599700,Swift-BAT,16.86
GRB 060121,137.46638,45.66261,0.0,2006-01-21T22:24:54.5,Swift-BAT,0.0
GRB 060123,179.699792,45.513778,0.0,2006-01-23T22:22:40,Swift-BAT,0.0
GRB 060124,77.10625,69.74056,1.42e-05,2006-01-24T15:54:51.825540,Swift-BAT,658.2
GRB 060130,229.224,-36.912,0.0,2006-01-30T04:56:25,Swift-BAT,0.0
GRB 060202,35.84575,38.384306,2.23e-06,2006-02-02T08:40:55.008460,Swift-BAT,172.16
GRB 060203,103.51604,71.81067,9.12e-07,2006-02-03T23:55:35.005260,Swift-BAT,69.52
GRB 060204A,232.2335,-39.4438,0.0,2006-02-04T13:19:50,Swift-BAT,0.0
GRB 060204B,211.81208,27.67678,2.93e-06,2006-02-04T14:34:24.092080,Swift-BAT,139.46
GRB 060206,202.9309,35.051,8.43e-07,2006-02-06T04:46:53.272980,Swift-BAT,7.55
GRB 060210,57.73904,27.02622,7.63e-06,2006-02-10T04:58:49.809180,Swift-BAT,242.18
GRB 060211A,58.386042,21.488611,1.58e-06,2006-02-11T09:39:10.990840,Swift-BAT,118.2
GRB 060211B,75.0715,14.949389,4.42e-07,2006-02-11T15:55:14.766340,Swift-BAT,27.69
GRB 060213,141.6,-9.15,0.0,2006-02-13T13:11:09,Swift-BAT,0.0
GRB 060218,50.415346,16.867172,6.45e-06,2006-02-18T03:34:30.977720,Swift-BAT,1040.0
GRB 060219,241.839667,32.316111,4.4e-07,2006-02-19T22:48:05.118160,Swift-BAT,56.12
GRB 060223A,55.2065,-17.1301,6.74e-07,2006-02-23T06:04:23.927580,Swift-BAT,11.32
GRB 060223B,254.242,-30.813,1.6e-06,2006-02-23T19:41:04.886460,Swift-BAT,10.36
GRB 060306,41.095333,-2.148528,2.15e-06,2006-03-06T00:49:10.626240,Swift-BAT,60.94
GRB 060312,45.774875,12.83375,1.84e-06,2006-03-12T01:36:12.758340,Swift-BAT,42.26
GRB 060313,66.61833,-10.84447,1.14e-06,2006-03-13T00:12:06.484480,Swift-BAT,0.74
GRB 060319,176.387667,60.010806,2.38e-07,2006-03-19T00:55:42.920580,Swift-BAT,8.91
GRB 060322,274.235958,-36.708694,5.22e-06,2006-03-22T23:00:21.120860,Swift-BAT,229.58
GRB 060323,174.43854,49.98536,6.34e-07,2006-03-23T14:32:36.031580,Swift-BAT,24.82
GRB 060403,282.339958,8.329806,1.36e-06,2006-04-03T13:12:17.129580,Swift-BAT,30.59
GRB 060413,291.282708,13.758361,3.56e-06,2006-04-13T18:40:22.869180,Swift-BAT,117.33
GRB 060418,236.4275,-3.6389,8.38e-06,2006-04-18T03:06:08.204500,Swift-BAT,109.17
GRB 060421,343.637625,62.731,1.26e-06,2006-04-21T00:39:23.334720,Swift-BAT,11.26
GRB 060424,7.3575,36.79964,6.8e-07,2006-04-24T04:16:19.520420,Swift-BAT,37.49
GRB 060427,124.267208,62.671361,5.03e-07,2006-04-27T11:43:10.841740,Swift-BAT,62.0
GRB 060428A,123.545,-37.16983,1.4e-06,2006-04-28T03:22:48.056420,Swift-BAT,39.48
GRB 060428B,235.35679,62.02508,8.44e-07,2006-04-28T08:54:38.839960,Swift-BAT,96.0
GRB 060429,115.5126,-24.9525,0.0,2006-04-29T12:19:50.9,Swift-BAT,0.0
GRB 060501,328.377833,43.998611,1.25e-06,2006-05-01T08:14:58.865920,Swift-BAT,23.67
GRB 060502A,240.927,66.60069,2.33e-06,2006-05-02T03:03:32.144320,Swift-BAT,28.54
GRB 060502B,278.938458,52.631528,4.92e-08,2006-05-02T17:24:41.035100,Swift-BAT,0.14
GRB 060505,331.763833,-27.814722,0.0,2006-05-05T06:35:58.890000,Swift-BAT,0.0
GRB 060507,89.9605,75.24886,4.52e-06,2006-05-07T01:53:12.230320,Swift-BAT,183.31
GRB 060510A,95.86658,-1.16283,8.15e-06,2006-05-10T07:43:27.647800,Swift-BAT,20.15
GRB 060510B,239.123396,78.570283,3.98e-06,2006-05-10T08:22:14.815740,Swift-BAT,262.95
GRB 060512,195.7742,41.1909,2.5e-07,2006-05-12T23:13:20.730480,Swift-BAT,11.36
GRB 060515,127.288917,73.567778,1.44e-06,2006-05-15T02:27:52.918180,Swift-BAT,47.4
GRB 060516,71.171,-18.127,1.03e-06,2006-05-16T06:43:34.803820,Swift-BAT,161.23
GRB 060522,322.93667,2.886208,1.13e-06,2006-05-22T02:11:18.792140,Swift-BAT,69.12
GRB 060526,232.8265,0.2847,1.24e-06,2006-05-26T16:28:29.950920,Swift-BAT,275.2
GRB 060602,149.567833,0.304,1.61e-06,2006-06-02T21:32:12.464320,Swift-BAT,74.68
GRB 060604,337.2292,-10.9155,3.76e-07,2006-06-04T18:19:00.012500,Swift-BAT,96.0
GRB 060605,322.1555,-6.0587,1.16e-06,2006-06-05T18:15:44.618460,Swift-BAT,539.12
GRB 060607A,329.71,-22.4965,2.56e-06,2006-06-07T05:12:13.351500,Swift-BAT,102.98
GRB 060607B,42.041,14.75,1.62e-06,2006-06-07T23:32:44.133940,Swift-BAT,29.36
GRB 060614,320.88367,-53.02672,2.07e-05,2006-06-14T12:43:48.504600,Swift-BAT,109.22
GRB 060707,357.07917,-17.90472,1.58e-06,2006-07-07T21:30:19.497320,Swift-BAT,66.65
GRB 060708,7.80758,-33.759,4.99e-07,2006-07-08T12:15:59.016080,Swift-BAT,9.96
GRB 060712,184.06775,35.538278,1.42e-06,2006-07-12T21:07:43.711080,Swift-BAT,30.91
GRB 060714,227.8601,-6.5662,2.88e-06,2006-07-14T15:12:00.283480,Swift-BAT,116.04
GRB 060717,170.840333,28.951083,6.99e-08,2006-07-17T09:07:38.901820,Swift-BAT,2.46
GRB 060719,18.432,-48.38092,1.52e-06,2006-07-19T06:50:36.945900,Swift-BAT,66.86
GRB 060728,16.639,-41.388,2.23e-07,2006-07-28T22:24:30.654180,Swift-BAT,0.0
GRB 060729,95.38271,-62.37019,2.61e-06,2006-07-29T19:12:29.244420,Swift-BAT,113.04
GRB 060801,213.005542,16.981833,8.05e-08,2006-08-01T12:16:15.158880,Swift-BAT,0.5
GRB 060804,112.20567,-27.21575,5.32e-07,2006-08-04T07:28:19.825160,Swift-BAT,18.21
GRB 060805A,220.931125,12.586444,7.31e-08,2006-08-05T04:47:49.167340,Swift-BAT,4.93
GRB 060805B,272.522583,58.15525,0.0,2006-08-05T14:27:15,Swift-BAT,0.0
GRB 060807,252.51083,31.59186,8.61e-07,2006-08-07T14:41:35.402420,Swift-BAT,53.74
GRB 060813,111.897333,-29.847056,5.53e-06,2006-08-13T22:50:22.685460,Swift-BAT,15.89
GRB 060814,221.33875,20.586164,1.48e-05,2006-08-14T23:02:19.035400,Swift-BAT,144.95
GRB 060825,18.122708,55.797472,9.55e-07,2006-08-25T02:59:57.702280,Swift-BAT,7.63
GRB 060901,287.157625,-6.63525,0.0,2006-09-01T18:44:00,Swift-BAT,0.0
GRB 060904A,237.727792,44.985639,7.83e-06,2006-09-04T01:03:21.201840,Swift-BAT,80.06
GRB 060904B,58.21058,-0.72531,1.65e-06,2006-09-04T02:31:03.857720,Swift-BAT,171.9
GRB 060906,40.7535,30.36164,2.24e-06,2006-09-06T08:32:46.573080,Swift-BAT,44.58
GRB 060908,31.8265,0.342,2.81e-06,2006-09-08T08:57:22.344940,Swift-BAT,18.78
GRB 060912A,5.284,20.9716,1.36e-06,2006-09-12T13:55:54.144260,Swift-BAT,5.03
GRB 060912B,271.2167,-19.8804,0.0,2006-09-12T17:33:40,Swift-BAT,0.0
GRB 060919,276.924167,-51.014472,5.44e-07,2006-09-19T07:48:38.674380,Swift-BAT,9.01
GRB 060923A,254.61729,12.36081,8.82e-07,2006-09-23T05:12:15.370360,Swift-BAT,51.54
GRB 060923B,238.194583,-30.903806,4.9e-07,2006-09-23T11:38:06.217800,Swift-BAT,8.95
GRB 060923C,346.11833,3.92475,1.57e-06,2006-09-23T13:33:02.537640,Swift-BAT,67.41
GRB 060926,263.931917,13.0385,2.32e-07,2006-09-26T16:48:41.859180,Swift-BAT,7.79
GRB 060927,329.549708,5.363978,1.12e-06,2006-09-27T14:07:35.297340,Swift-BAT,22.42
GRB 060928,127.62625,-42.749389,0.0,2006-09-28T01:17:02.782,Swift-BAT,0.0
GRB 060929,263.120708,29.835111,2.86e-07,2006-09-29T19:55:01.052660,Swift-BAT,12.38
GRB 061002,220.348,48.741361,8.58e-07,2006-10-02T01:03:29.592060,Swift-BAT,22.14
GRB 061004,97.795042,-45.906722,5.69e-07,2006-10-04T19:50:30.514260,Swift-BAT,6.26
GRB 061006,111.0315,-79.19875,1.43e-06,2006-10-06T16:45:50.510340,Swift-BAT,129.79
GRB 061007,46.33167,-50.50067,4.5e-05,2006-10-07T10:08:08.812840,Swift-BAT,75.74
GRB 061019,91.628542,29.570361,2.44e-06,2006-10-19T04:19:06.964420,Swift-BAT,174.74
GRB 061021,145.1505,-21.9515,3.01e-06,2006-10-21T15:39:07.663300,Swift-BAT,43.8
GRB 061025,300.904583,-48.243611,0.0,2006-10-25T18:35:50,Swift-BAT,0.0
GRB 061027,270.876,-82.24,2.89e-07,2006-10-27T10:15:02.467300,Swift-BAT,0.0
GRB 061028,97.2275,46.298861,9.49e-07,2006-10-28T01:26:22.466000,Swift-BAT,105.62
GRB 061102,148.407458,-17.024833,2.76e-07,2006-11-02T01:00:31.223660,Swift-BAT,36.29
GRB 061110A,336.290833,-2.258528,1.13e-06,2006-11-10T11:47:21.318140,Swift-BAT,44.51
GRB 061110B,323.918333,6.876139,1.35e-06,2006-11-10T21:58:45.541260,Swift-BAT,132.76
GRB 061121,147.227292,-13.195111,1.39e-05,2006-11-21T15:22:29.006780,Swift-BAT,81.22
GRB 061122,303.832667,15.517361,0.0,2006-11-22T07:56:45,Swift-BAT,0.0
GRB 061126,86.601783,64.210772,6.61e-06,2006-11-26T08:47:56.420860,Swift-BAT,50.28
GRB 061201,332.1337,-74.579744,3.41e-07,2006-12-01T15:58:36.821720,Swift-BAT,0.78
GRB 061202,105.52525,-74.698528,3.45e-06,2006-12-02T08:11:44.696300,Swift-BAT,94.19
GRB 061210,144.521458,15.621028,1.09e-06,2006-12-10T12:20:39.551180,Swift-BAT,85.45
GRB 061217,160.406042,-21.125083,4.29e-08,2006-12-17T03:40:08.217280,Swift-BAT,0.24
GRB 061218,149.247,-35.222,4.3e-08,2006-12-18T04:05:05.815160,Swift-BAT,0.0
GRB 061222A,358.264246,46.532944,8.12e-06,2006-12-22T03:28:52.110840,Swift-BAT,96.0
GRB 061222B,105.3525,-25.86,2.27e-06,2006-12-22T04:11:02.350780,Swift-BAT,37.25
GRB 070103,352.5575,26.876222,3.29e-07,2007-01-03T20:46:39.412140,Swift-BAT,18.4
GRB 070107,159.401458,-53.213194,5.23e-06,2007-01-07T12:05:18.316420,Swift-BAT,333.76
GRB 070110,0.913625,-52.974139,1.63e-06,2007-01-10T07:22:41.574460,Swift-BAT,79.71
GRB 070124,221.385,54.579,0.0,2007-01-24T08:41:51.035,Swift-BAT,0.0
GRB 070125,117.824029,31.151142,0.0,2007-01-25T07:20:50.853,Swift-BAT,0.0
GRB 070126,33.494,-73.548,1.31e-07,2007-01-26T02:33:26.277220,Swift-BAT,0.0
GRB 070129,37.003917,11.684444,3.01e-06,2007-01-29T23:35:10.269080,Swift-BAT,459.05
GRB 070208,197.885863,61.965103,5.18e-07,2007-02-08T09:10:34.281260,Swift-BAT,64.0
GRB 070209,46.236,-47.388,2.16e-08,2007-02-09T03:33:41.947620,Swift-BAT,0.07
GRB 070219,260.191875,69.370194,3.22e-07,2007-02-19T01:10:16.146540,Swift-BAT,17.2
GRB 070220,34.778958,68.804667,1.05e-05,2007-02-20T04:44:32.912080,Swift-BAT,144.0
GRB 070223,153.451625,43.133528,1.88e-06,2007-02-23T01:15:00.682000,Swift-BAT,100.0
GRB 070224,179.027708,-13.330222,3.7e-07,2007-02-24T20:27:58.214180,Swift-BAT,48.0
GRB 070227,120.580708,-46.314,0.0,2007-02-27T22:21:58.869180,Swift-BAT,3.0
GRB 070306,148.097042,10.482083,5.46e-06,2007-03-06T16:41:28.177300,Swift-BAT,209.24
GRB 070309,263.665833,-37.930694,0.0,2007-03-09T10:01:03,Swift-BAT,0.0
GRB 070311,87.534208,3.375083,0.0,2007-03-11T01:52:50,Swift-BAT,0.0
GRB 070318,48.4868,-42.9462,2.62e-06,2007-03-18T07:28:56.088640,Swift-BAT,131.52
GRB 070326,40.336667,-66.989167,0.0,2007-03-26T16:29:12,Swift-BAT,0.0
GRB 070328,65.115333,-34.066861,9.15e-06,2007-03-28T03:53:53.155520,Swift-BAT,72.12
GRB 070330,269.5416,-63.793,1.67e-07,2007-03-30T22:51:31.197520,Swift-BAT,6.64
GRB 070406,198.969,16.481,3.81e-08,2007-04-06T00:50:38.449000,Swift-BAT,0.0
GRB 070411,107.333125,1.064667,2.56e-06,2007-04-11T20:12:33.316080,Swift-BAT,102.04
GRB 070412,181.541875,40.143194,4.83e-07,2007-04-12T01:27:03.395620,Swift-BAT,32.45
GRB 070419A,182.745,39.926031,6.67e-07,2007-04-19T09:59:26.099880,Swift-BAT,160.0
GRB 070419B,315.707583,-31.263694,7.46e-06,2007-04-19T10:44:05.971820,Swift-BAT,238.14
GRB 070420,121.229875,-45.555556,1.42e-05,2007-04-20T06:18:13.522060,Swift-BAT,77.02
GRB 070427,28.878,-27.605,6.9e-07,2007-04-27T08:31:08.930660,Swift-BAT,11.08
GRB 070429A,297.703833,-32.404944,9.37e-07,2007-04-29T01:35:10.078940,Swift-BAT,168.0
GRB 070429B,328.015875,-38.828333,6.52e-08,2007-04-29T03:09:04.446800,Swift-BAT,0.49
GRB 070506,347.2183,10.7224,2.06e-07,2007-05-06T05:35:58.063600,Swift-BAT,4.35
GRB 070508,312.800292,-78.385278,2.01e-05,2007-05-08T04:18:17.835440,Swift-BAT,20.9
GRB 070509,237.95925,-78.651833,1.87e-07,2007-05-09T02:48:27.305440,Swift-BAT,7.83
GRB 070517,277.620625,-62.2975,2.19e-07,2007-05-17T11:20:58.391320,Swift-BAT,7.8
GRB 070518,254.1986,55.2951,1.67e-07,2007-05-18T14:26:21.204860,Swift-BAT,4.35
GRB 070520A,193.359333,74.990361,4.98e-07,2007-05-20T13:05:10.032620,Swift-BAT,71.0
GRB 070520B,121.880292,57.608139,1.07e-06,2007-05-20T17:44:53.264200,Swift-BAT,96.0
GRB 070521,242.660917,30.256222,8.11e-06,2007-05-21T06:51:10.863020,Swift-BAT,38.63
GRB 070529,283.7427,20.6594,2.47e-06,2007-05-29T12:48:28.349220,Swift-BAT,108.9
GRB 070531,6.742417,74.313028,1.09e-06,2007-05-31T02:10:17.529860,Swift-BAT,44.62
GRB 070611,1.991708,-29.755556,4.03e-07,2007-06-11T01:57:13.890180,Swift-BAT,13.18
GRB 070612A,121.373375,37.270889,1.08e-05,2007-06-12T02:38:45.983960,Swift-BAT,365.28
GRB 070612B,261.726958,-8.751389,1.82e-06,2007-06-12T06:21:17.791640,Swift-BAT,18.0
GRB 070615,44.313833,-4.407167,0.0,2007-06-15T02:20:45,Swift-BAT,0.0
GRB 070616,32.1505,56.944361,1.97e-05,2007-06-16T16:29:33.974040,Swift-BAT,406.82
GRB 070621,323.792,-24.817528,4.4e-06,2007-06-21T23:17:39.850480,Swift-BAT,33.26
GRB 070628,115.27537,-20.27928,3.56e-06,2007-06-28T14:41:02.843960,Swift-BAT,39.04
GRB 070704,354.697667,66.253167,5.85e-06,2007-07-04T20:05:57.934440,Swift-BAT,377.58
GRB 070707,267.743958,-68.924222,0.0,2007-07-07T16:08:21,Swift-BAT,0.0
GRB 070714A,42.930458,30.243056,1.55e-07,2007-07-14T03:20:30.618220,Swift-BAT,3.0
GRB 070714B,57.842625,28.297444,7.25e-07,2007-07-14T04:59:29.626060,Swift-BAT,80.0
GRB 070721A,3.16343,-28.5502,5.52e-08,2007-07-21T10:00:56.330340,Swift-BAT,3.35
GRB 070721B,33.137375,-2.194556,3.56e-06,2007-07-21T10:33:46.314280,Swift-BAT,336.86
GRB 070724A,27.808542,-18.594417,3.09e-08,2007-07-24T10:53:50.211640,Swift-BAT,0.43
GRB 070724B,17.486125,57.676528,0.0,2007-07-24T23:25:09,Swift-BAT,0.0
GRB 070729,56.31675,-39.322389,1.03e-07,2007-07-29T00:25:53.913580,Swift-BAT,0.99
GRB 070731,328.584,-15.743,1.67e-07,2007-07-31T09:33:22.676340,Swift-BAT,2.86
GRB 070802,36.8995,-55.527583,2.79e-07,2007-08-02T07:07:25.872160,Swift-BAT,15.8
GRB 070805,245.042,-59.959,7.08e-07,2007-08-05T19:55:45.448360,Swift-BAT,26.43
GRB 070808,6.764,1.176222,1.29e-06,2007-08-08T18:28:00.545880,Swift-BAT,58.43
GRB 070809,203.768958,-22.141889,1.02e-07,2007-08-09T19:22:17.375600,Swift-BAT,1.28
GRB 070810A,189.9634,10.7512,6.72e-07,2007-08-10T02:11:52.414980,Swift-BAT,9.04
GRB 070810B,8.955,8.819,1.64e-08,2007-08-10T15:19:17.889760,Swift-BAT,0.07
GRB 070911,25.81,-33.484028,1.27e-05,2007-09-11T05:57:44.087900,Swift-BAT,158.46
GRB 070913,228.755417,-24.293056,1.49e-07,2007-09-13T00:36:43.987920,Swift-BAT,2.68
GRB 070917,293.918875,2.411222,2.11e-06,2007-09-17T07:33:56.682320,Swift-BAT,7.55
GRB 070920A,100.959,72.242,5.22e-07,2007-09-20T04:00:13.763940,Swift-BAT,51.54
GRB 070920B,0.130125,-34.851333,6.95e-07,2007-09-20T21:04:32.386340,Swift-BAT,22.31
GRB 070923,184.625,-38.297,4.92e-08,2007-09-23T19:15:23.687760,Swift-BAT,0.18
GRB 070925,253.214417,-22.028778,0.0,2007-09-25T15:52:32,Swift-BAT,0.0
GRB 071001,149.7336,-59.7818,7.86e-07,2007-10-01T16:31:48.074080,Swift-BAT,57.42
GRB 071003,301.8505,10.947722,8.35e-06,2007-10-03T07:40:55.014420,Swift-BAT,148.38
GRB 071006,335.282,-23.152,0.0,2007-10-06T06:41:40.128000,Swift-BAT,54.4
GRB 071008,151.588625,44.321583,2.5e-07,2007-10-08T21:55:56.761900,Swift-BAT,17.98
GRB 071010A,288.060933,-32.401989,2.02e-07,2007-10-10T03:41:12.855120,Swift-BAT,6.32
GRB 071010B,150.5385,45.730472,4.45e-06,2007-10-10T20:45:47.989540,Swift-BAT,36.13
GRB 071010C,338.078,66.155,0.0,2007-10-10T22:20:22.165000,Swift-BAT,12.8
GRB 071011,8.386379,61.134603,2.46e-06,2007-10-11T12:40:13.844040,Swift-BAT,80.88
GRB 071013,279.5,33.839,3.22e-07,2007-10-13T12:09:19.055540,Swift-BAT,26.08
GRB 071017,274.718,-16.001,0.0,2007-10-17T00:58:00,Swift-BAT,0.0
GRB 071018,164.833,53.804,1.05e-06,2007-10-18T08:37:41.700440,Swift-BAT,288.0
GRB 071020,119.66575,32.861222,2.34e-06,2007-10-20T07:02:26.944040,Swift-BAT,4.3
GRB 071021,340.642958,23.718472,1.36e-06,2007-10-21T09:41:33.693520,Swift-BAT,228.72
GRB 071025,355.071158,31.778575,7.32e-06,2007-10-25T04:08:53.685000,Swift-BAT,241.3
GRB 071028A,119.819333,21.484722,3.25e-07,2007-10-28T17:41:01.676940,Swift-BAT,33.0
GRB 071028B,354.20175,-31.608111,4.96e-07,2007-10-28T02:43:46.000000,Swift-BAT,3.2
GRB 071031,6.4053,-58.05956,8.99e-07,2007-10-31T01:06:36.967720,Swift-BAT,150.49
GRB 071101,48.176625,62.500583,7.02e-08,2007-11-01T17:53:46.595880,Swift-BAT,4.82
GRB 071104,295.61175,14.610333,0.0,2007-11-04T11:41:23,Swift-BAT,0.0
GRB 071109,289.913,2.048,0.0,2007-11-09T20:36:05,Swift-BAT,0.0
GRB 071112B,260.198,-80.886,4.75e-08,2007-11-12T18:23:31.530800,Swift-BAT,0.3
GRB 071112C,39.2122,28.3713,0.0,2007-11-12T18:32:57.540000,Swift-BAT,0.0
GRB 071117,335.043417,-63.443194,2.43e-06,2007-11-17T14:50:06.911640,Swift-BAT,6.07
GRB 071118,299.715833,70.124778,6.64e-07,2007-11-18T08:57:17.629920,Swift-BAT,105.6
GRB 071122,276.605125,47.075361,6.34e-07,2007-11-22T01:23:25.621540,Swift-BAT,80.0
GRB 071129,220.043,-26.667,3.69e-06,2007-11-29T00:03:55.301720,Swift-BAT,430.13
GRB 071227,58.13025,-55.984306,5.05e-07,2007-12-27T20:13:47.043260,Swift-BAT,144.98
GRB 080120,225.26365,-10.874942,0.0,2008-01-20T17:28:30,Swift-BAT,0.0
GRB 080121,137.245,41.828,3.2e-08,2008-01-21T21:29:55.561000,Swift-BAT,0.192
GRB 080123,338.943083,-64.900889,1.56e-08,2008-01-23T04:21:57.402220,Swift-BAT,0.04
GRB 080129,105.284167,-7.846194,9.65e-07,2008-01-29T06:06:45.464120,Swift-BAT,50.22
GRB 080130,261.61975,-53.186694,0.0,2008-01-30T11:13:02,Swift-BAT,112.0
GRB 080205,98.252583,62.792217,2.03e-06,2008-02-05T07:55:51.751640,Swift-BAT,104.06
GRB 080207,207.512208,7.502194,0.0,2008-02-07T21:30:21.441560,Swift-BAT,290.0
GRB 080210,251.266708,13.826639,1.81e-06,2008-02-10T07:50:05.435780,Swift-BAT,39.36
GRB 080211,43.962083,60.095444,0.0,2008-02-11T07:23:40,Swift-BAT,0.0
GRB 080212,231.147583,-22.741333,3.05e-06,2008-02-12T17:34:33.462080,Swift-BAT,117.38
GRB 080218A,355.956,12.167,6.19e-07,2008-02-18T20:08:42.791800,Swift-BAT,22.8
GRB 080218B,177.956875,-53.096806,4.97e-07,2008-02-18T23:57:47.175420,Swift-BAT,5.06
GRB 080229A,228.21775,-14.704472,9.1e-06,2008-02-29T17:04:59.534140,Swift-BAT,64.0
GRB 080229B,199.250333,-64.863694,0.0,2008-02-29T23:33:01,Swift-BAT,0.0
GRB 080303,112.057958,-70.233417,6.68e-07,2008-03-03T09:10:35.271760,Swift-BAT,67.4
GRB 080307,136.62825,35.138889,9.27e-07,2008-03-07T11:23:30.814100,Swift-BAT,122.22
GRB 080310,220.0575,-0.1749,2.31e-06,2008-03-10T08:37:58.647320,Swift-BAT,352.37
GRB 080315,155.124,41.701,0.0,2008-03-15T02:25:01,Swift-BAT,0.0
GRB 080319A,206.333375,44.080167,4.45e-06,2008-03-19T05:45:42.050320,Swift-BAT,43.62
GRB 080319B,217.92075,36.302444,8.5e-05,2008-03-19T06:12:49.250280,Swift-BAT,124.86
GRB 080319C,258.98121,55.39183,3.51e-06,2008-03-19T12:25:56.961660,Swift-BAT,29.55
GRB 080319D,99.473333,23.942833,3.23e-07,2008-03-19T17:05:09.345180,Swift-BAT,26.94
GRB 080320,177.735113,57.156639,2.83e-07,2008-03-20T04:37:38.464040,Swift-BAT,13.82
GRB 080325,277.892667,36.523417,4.85e-06,2008-03-25T04:09:17.332080,Swift-BAT,162.82
GRB 080328,80.482792,47.510944,9.51e-06,2008-03-28T08:03:04.588480,Swift-BAT,91.11
GRB 080330,169.26881,30.62319,3.48e-07,2008-03-30T03:41:16.872120,Swift-BAT,67.05
GRB 080405,162.599583,-4.28875,0.0,2008-04-05T09:18:55.609000,Swift-BAT,73.6
GRB 080408,114.66496,33.30414,0.0,2008-04-08T18:12:48,Swift-BAT,0.0
GRB 080409,84.330375,5.084917,5.62e-07,2008-04-09T01:22:57.584260,Swift-BAT,22.66
GRB 080411,37.979958,-71.302028,2.65e-05,2008-04-11T21:15:32.585440,Swift-BAT,56.33
GRB 080413A,287.298967,-27.677775,3.52e-06,2008-04-13T02:54:19.302440,Swift-BAT,46.36
GRB 080413B,326.144375,-19.981222,3.25e-06,2008-04-13T08:51:12.549840,Swift-BAT,8.0
GRB 080414,272.1342,-18.8291,0.0,2008-04-14T22:33:32,Swift-BAT,0.0
GRB 080426,26.499167,69.4685,3.74e-07,2008-04-26T13:23:22.949980,Swift-BAT,1.73
GRB 080430,165.3115,51.685639,1.17e-06,2008-04-30T19:53:02.075640,Swift-BAT,14.15
GRB 080503,286.619858,68.793203,2e-06,2008-05-03T12:26:13.429140,Swift-BAT,159.78
GRB 080506,329.424333,38.985028,1.29e-06,2008-05-06T17:46:21.229360,Swift-BAT,152.14
GRB 080507,233.680792,56.435633,0.0,2008-05-07T07:45:00,Swift-BAT,0.0
GRB 080514B,322.84463,0.70789,0.0,2008-05-14T09:55:56,Swift-BAT,0.0
GRB 080515,3.1625,32.578056,2.18e-06,2008-05-15T06:01:13.816640,Swift-BAT,20.91
GRB 080516,120.6415,-26.159333,2.65e-07,2008-05-16T00:17:07.030760,Swift-BAT,5.75
GRB 080517,102.241958,50.735222,5.88e-07,2008-05-17T21:22:51.986120,Swift-BAT,64.61
GRB 080520,280.192917,-54.991944,5.89e-08,2008-05-20T22:20:24.778640,Swift-BAT,3.32
GRB 080521,182.183,30.583,0.0,2008-05-21T03:58:02,Swift-BAT,0.0
GRB 080523,20.798167,-64.030997,7.25e-07,2008-05-23T21:21:51.299440,Swift-BAT,48.0
GRB 080524,268.52,80.137,2.43e-07,2008-05-24T04:13:00.163000,Swift-BAT,6.4
GRB 080602A,19.175708,-9.232194,3.26e-06,2008-06-02T01:30:28.077080,Swift-BAT,74.29
GRB 080602B,4.421,48.57,0.0,2008-06-02T09:50:17,Swift-BAT,0.0
GRB 080603A,279.408751,62.74407,0.0,2008-06-03T11:18:11,Swift-BAT,0.0
GRB 080603B,176.53192,68.061108,2.47e-06,2008-06-03T19:38:13.288800,Swift-BAT,59.12
GRB 080604,236.9654,20.5578,7.89e-07,2008-06-04T07:27:01.159600,Swift-BAT,69.16
GRB 080605,262.12522,4.01555,1.34e-05,2008-06-05T23:47:57.859480,Swift-BAT,18.05
GRB 080607,194.94665,15.91965,2.47e-05,2008-06-07T06:07:27.008340,Swift-BAT,78.86
GRB 080613A,213.270917,5.173194,0.0,2008-06-13T09:35:21,Swift-BAT,0.0
GRB 080613B,173.798,-7.105028,5.71e-06,2008-06-13T11:12:37.968880,Swift-BAT,78.26
GRB 080623,237.661,-62.049083,1.07e-06,2008-06-23T10:25:28.440240,Swift-BAT,15.18
GRB 080625,298.4044,56.2779,0.0,2008-06-25T12:28:31,Swift-BAT,0.0
GRB 080701A,45.838583,75.474778,7.41e-07,2008-07-01T10:13:37.636600,Swift-BAT,17.82
GRB 080701B,35.555,39.818,0.0,2008-07-01T12:50:05,Swift-BAT,0.0
GRB 080702A,313.050833,72.312944,3.8e-08,2008-07-02T11:50:43.681940,Swift-BAT,0.51
GRB 080702B,355.5665,-5.5141,5.72e-07,2008-07-02T01:10:38.08,Swift-BAT,26.06
GRB 080703,101.8027,-63.2192,2.08e-07,2008-07-03T19:00:13.598700,Swift-BAT,3.52
GRB 080707,32.618333,33.109528,6.26e-07,2008-07-07T08:27:53.685800,Swift-BAT,30.17
GRB 080710,8.273542,19.501472,1.35e-06,2008-07-10T07:13:10.798420,Swift-BAT,112.06
GRB 080714,188.106208,-60.277583,2.55e-06,2008-07-14T17:52:56.643300,Swift-BAT,25.81
GRB 080721,224.48273,-11.723483,1.41e-05,2008-07-21T10:25:16.978500,Swift-BAT,176.29
GRB 080723A,274.490542,-6.899583,3.49e-07,2008-07-23T04:19:24.398120,Swift-BAT,17.91
GRB 080723B,176.83317,-60.24096,0.0,2008-07-23T13:22:19,Swift-BAT,0.0
GRB 080725,121.699,-13.986,3.85e-06,2008-07-25T10:26:14.632460,Swift-BAT,92.74
GRB 080727A,208.390875,-18.544583,1.34e-07,2008-07-27T05:57:39.363900,Swift-BAT,4.91
GRB 080727B,276.858542,1.16325,3.2e-06,2008-07-27T08:13:24.959660,Swift-BAT,8.66
GRB 080727C,32.634083,64.137333,5.3e-06,2008-07-27T23:07:35.394100,Swift-BAT,77.61
GRB 080802,270.726458,-32.333889,1.34e-06,2008-08-02T15:12:21.075860,Swift-BAT,179.52
GRB 080804,328.6675,-53.18461,3.8e-06,2008-08-04T23:20:14.670000,Swift-BAT,37.19
GRB 080805,314.222667,-62.444389,2.65e-06,2008-08-05T07:41:34.733120,Swift-BAT,106.62
GRB 080810,356.793792,0.319806,4.64e-06,2008-08-10T13:10:12.287980,Swift-BAT,107.67
GRB 080822B,63.56,25.76,0.0,2008-08-22T21:02:52,Swift-BAT,0.0
GRB 080825B,209.200917,-68.955139,0.0,2008-08-25T17:46:40,Swift-BAT,0.0
GRB 080828,199.587542,-65.940111,0.0,2008-08-28T03:14:45,Swift-BAT,0.0
GRB 080903,86.791875,51.264139,1.46e-06,2008-09-03T01:12:23.300160,Swift-BAT,66.34
GRB 080905A,287.673875,-18.879806,1.41e-07,2008-09-05T11:58:54.973940,Swift-BAT,1.02
GRB 080905B,301.741208,-62.563056,1.81e-06,2008-09-05T16:55:45.405420,Swift-BAT,101.62
GRB 080906,228.044375,-80.517556,3.65e-06,2008-09-06T13:33:16.347220,Swift-BAT,148.19
GRB 080913,65.72808,-25.1295,5.71e-07,2008-09-13T06:46:54.122140,Swift-BAT,7.46
GRB 080915A,17.948542,-76.020361,2.91e-07,2008-09-15T00:02:49.957760,Swift-BAT,23.84
GRB 080915B,213.088,-11.49,1.04e-06,2008-09-15T15:53:35.140100,Swift-BAT,4.05
GRB 080916A,336.27583,-57.02303,4.22e-06,2008-09-16T09:45:20.610200,Swift-BAT,61.35
GRB 080916B,163.66575,69.066083,6.37e-07,2008-09-16T14:44:47.329660,Swift-BAT,36.0
GRB 080916C,119.847167,-56.638333,0.0,2008-09-16T00:12:45,Swift-BAT,0.0
GRB 080919,265.224083,-42.36825,7.25e-08,2008-09-19T00:05:13.051580,Swift-BAT,0.6
GRB 080922,270.838,-22.509,0.0,2008-09-22T11:03:36,Swift-BAT,0.0
GRB 080928,95.07015,-55.199708,2.42e-06,2008-09-28T15:01:32.866720,Swift-BAT,233.66
GRB 081001,276.59075,-8.718806,0.0,2008-10-01T21:17:42,Swift-BAT,0.0
GRB 081003A,262.390125,16.570444,0.0,2008-10-03T13:46:12,Swift-BAT,0.0
GRB 081003B,285.0256,16.6914,0.0,2008-10-03T20:48:08,Swift-BAT,0.0
GRB 081007,339.959951,-40.146994,7.61e-07,2008-10-07T05:23:52.748620,Swift-BAT,9.01
GRB 081008,279.95833,-57.431111,4.26e-06,2008-10-08T19:58:09.384500,Swift-BAT,179.52
GRB 081011,220.34428,33.54364,1.69e-07,2008-10-11T00:28:50.466880,Swift-BAT,9.82
GRB 081012,30.200708,-17.638111,1.12e-06,2008-10-12T13:10:23.902940,Swift-BAT,25.2
GRB 081016A,255.570333,-23.335556,0.0,2008-10-16T06:51:31,Swift-BAT,0.0
GRB 081016B,14.564333,-43.530139,1.08e-07,2008-10-16T19:47:14.515960,Swift-BAT,2.62
GRB 081017,230.221,-32.784,1.42e-06,2008-10-17T23:38:12.816960,Swift-BAT,320.0
GRB 081022,226.582,12.409,2.59e-06,2008-10-22T14:23:48.804900,Swift-BAT,157.58
GRB 081024A,27.874208,61.331194,1.27e-07,2008-10-24T05:53:08.864600,Swift-BAT,1.82
GRB 081024B,322.9,21.204,0.0,2008-10-24T21:22:41,Swift-BAT,0.0
GRB 081025,245.366458,60.475389,1.95e-06,2008-10-25T08:23:16.18,Swift-BAT,22.78
GRB 081028,121.894708,2.308083,3.95e-06,2008-10-28T00:25:00.790760,Swift-BAT,284.42
GRB 081029,346.77229,-68.15549,2.14e-06,2008-10-29T01:43:56.788020,Swift-BAT,275.05
GRB 081101,95.835,-0.105,6.8e-08,2008-11-01T11:46:31.979160,Swift-BAT,0.18
GRB 081102,331.17325,52.994417,2.27e-06,2008-11-02T17:44:39.527920,Swift-BAT,48.19
GRB 081104,100.488042,-54.719889,2.1e-06,2008-11-04T09:34:42.467620,Swift-BAT,64.0
GRB 081105,3.952208,3.470139,0.0,2008-11-05T13:31:46.529000,Swift-BAT,11.2
GRB 081109,330.7905,-54.710972,4e-06,2008-11-09T07:02:06.614940,Swift-BAT,221.49
GRB 081109B,350.132,-55.912,0.0,2008-11-09T13:47:16,Swift-BAT,0.0
GRB 081118,82.592417,-43.301472,1.15e-06,2008-11-18T14:56:36.734580,Swift-BAT,49.28
GRB 081121,89.275625,-60.602778,4.23e-06,2008-11-21T20:35:32.854060,Swift-BAT,17.67
GRB 081126,323.51496,48.71064,3.45e-06,2008-11-26T21:34:10.280820,Swift-BAT,57.65
GRB 081127,332.064375,6.850639,4.02e-07,2008-11-27T07:05:08.903800,Swift-BAT,17.31
GRB 081128,20.804292,38.127139,2.32e-06,2008-11-28T17:18:44.708060,Swift-BAT,96.77
GRB 081203A,233.031583,63.520778,7.83e-06,2008-12-03T13:57:11.575340,Swift-BAT,223.0
GRB 081203B,228.79863,44.42859,0.0,2008-12-03T13:51:58.69,Swift-BAT,0.0
GRB 081204,349.789375,-60.224889,0.0,2008-12-04T16:44:55,Swift-BAT,0.0
GRB 081210,70.48417,-11.25741,1.86e-06,2008-12-10T20:19:34.212340,Swift-BAT,145.91
GRB 081211A,328.11654,-33.83565,1.3e-07,2008-12-11T11:48:10.690660,Swift-BAT,3.42
GRB 081211B,168.264042,53.829917,6.82e-07,2008-12-11T06:15:02.00,Swift-BAT,0.0
GRB 081221,15.792708,-24.548139,1.89e-05,2008-12-21T16:21:11.847580,Swift-BAT,33.91
GRB 081222,22.739958,-34.094858,5.22e-06,2008-12-22T04:53:59.974180,Swift-BAT,33.0
GRB 081224,206.2,73.3,0.0,2008-12-24T21:17:55.41,Swift-BAT,0.0
GRB 081226A,120.501375,-69.029556,9.15e-08,2008-12-26T01:03:37.372040,Swift-BAT,0.44
GRB 081226B,25.495,-47.439,0.0,2008-12-26T12:13:11,Swift-BAT,0.0
GRB 081228,39.46225,30.852917,9.27e-08,2008-12-28T01:17:40.758740,Swift-BAT,3.0
GRB 081230,37.331292,-25.147208,9.18e-07,2008-12-30T20:36:12.623340,Swift-BAT,66.0
GRB 090102,128.243917,33.114194,7.06e-06,2009-01-02T02:55:44.865380,Swift-BAT,29.3
GRB 090107A,302.408,4.747,2.31e-07,2009-01-07T04:48:04.308060,Swift-BAT,12.08
GRB 090107B,284.817333,59.595278,0.0,2009-01-07T16:20:36,Swift-BAT,0.0
GRB 090111,251.675208,0.077556,6.66e-07,2009-01-11T23:58:21.703320,Swift-BAT,25.17
GRB 090113,32.0575,33.428417,7.75e-07,2009-01-13T18:40:39.170560,Swift-BAT,9.1
GRB 090117A,164.043667,-58.2335,0.0,2009-01-17T15:21:54,Swift-BAT,0.0
GRB 090118,49.82825,18.415333,4.96e-07,2009-01-18T13:55:17.18,Swift-BAT,23.48
GRB 090123,6.78639,-23.50113,2.9e-06,2009-01-23T07:51:56.329040,Swift-BAT,110.87
GRB 090126A,3.659833,81.373417,0.0,2009-01-26T02:01:15,Swift-BAT,0.0
GRB 090129,269.105,-32.793,2.21e-06,2009-01-29T21:07:15.287600,Swift-BAT,17.66
GRB 090201,92.052,-46.590056,3.14e-05,2009-02-01T17:47:02.735980,Swift-BAT,84.78
GRB 090205,220.911042,-27.852972,1.73e-07,2009-02-05T23:03:14.820740,Swift-BAT,8.8
GRB 090217,204.9,-8.4,0.0,2009-02-17T04:56:42,Swift-BAT,0.0
GRB 090301A,338.142,26.639,2.41e-05,2009-03-01T06:55:55.141940,Swift-BAT,41.37
GRB 090305A,241.781708,-31.556083,7.54e-08,2009-03-05T05:19:51.035240,Swift-BAT,0.35
GRB 090306B,231.208208,-6.968,3.27e-06,2009-03-06T23:08:17.19,Swift-BAT,20.53
GRB 090307,244.993958,-28.6335,2.68e-07,2009-03-07T03:46:37.877980,Swift-BAT,22.0
GRB 090308,183.500667,-48.81675,2.2e-07,2009-03-08T18:01:23.441660,Swift-BAT,25.1
GRB 090309,284.973708,-25.261333,1.4e-07,2009-03-09T23:29:13.262340,Swift-BAT,3.0
GRB 090313,198.400875,8.097,1.51e-06,2009-03-13T09:06:27.429120,Swift-BAT,70.66
GRB 090323,190.70955,17.053306,0.0,2009-03-23T00:02:42.63,Swift-BAT,0.0
GRB 090328A,90.665292,-41.881611,0.0,2009-03-28T09:36:46,Swift-BAT,0.0
GRB 090401A,350.921,29.763,1.12e-05,2009-04-01T00:00:59.378700,Swift-BAT,117.0
GRB 090401B,95.08775,-8.97199,1.07e-05,2009-04-01T08:35:24.865740,Swift-BAT,186.51
GRB 090404,239.239667,35.515972,3.12e-06,2009-04-04T15:56:30.440760,Swift-BAT,82.01
GRB 090407,68.979458,-12.679194,1.14e-06,2009-04-07T10:28:25.633160,Swift-BAT,315.44
GRB 090410,334.958,15.421,5.85e-06,2009-04-10T16:57:52.856200,Swift-BAT,165.14
GRB 090417A,34.993,-7.146,2.23e-08,2009-04-17T13:17:23.793440,Swift-BAT,0.07
GRB 090417B,209.6945,47.017972,2.25e-06,2009-04-17T15:20:03.333200,Swift-BAT,282.49
GRB 090418A,269.313208,33.405872,4.66e-06,2009-04-18T11:07:40.226940,Swift-BAT,56.31
GRB 090418B,225.91,17.22,1.67e-05,2009-04-18T09:00:21.18,Swift-BAT,0.0
GRB 090419,196.929708,-75.606222,2.7e-06,2009-04-19T13:43:31.327920,Swift-BAT,460.67
GRB 090422,294.749583,40.384222,2.37e-07,2009-04-22T03:35:16.764880,Swift-BAT,8.47
GRB 090423,148.888708,18.149389,6.25e-07,2009-04-23T07:55:19.349660,Swift-BAT,9.77
GRB 090424,189.52125,16.837422,2.18e-05,2009-04-24T14:12:09.330200,Swift-BAT,49.47
GRB 090426,189.075292,32.986,1.85e-07,2009-04-26T12:48:47.212900,Swift-BAT,1.24
GRB 090429A,90.555375,-52.387417,1.09e-06,2009-04-29T04:53:39.877600,Swift-BAT,184.0
GRB 090429B,210.666875,32.170644,3.29e-07,2009-04-29T05:30:03.365540,Swift-BAT,5.61
GRB 090509,241.412458,-28.399639,3.31e-06,2009-05-09T05:10:03.594140,Swift-BAT,336.38
GRB 090510,333.552333,-26.583056,6.17e-07,2009-05-10T00:23:00.487940,Swift-BAT,5.66
GRB 090515,164.15125,14.441889,2.23e-08,2009-05-15T04:45:09.525600,Swift-BAT,0.04
GRB 090516,138.260917,-11.854278,9.17e-06,2009-05-16T08:27:50.774420,Swift-BAT,208.0
GRB 090518,119.954583,0.759333,6.56e-07,2009-05-18T01:54:44.273640,Swift-BAT,85.82
GRB 090519,142.279167,0.180306,1.18e-06,2009-05-19T21:08:56.428660,Swift-BAT,58.26
GRB 090520,11.62,-8.0,0.0,2009-05-20T01:37:16.716000,Swift-BAT,43.2
GRB 090529A,212.46892,24.458944,0.0,2009-05-29T14:12:35.217820,Swift-BAT,70.0
GRB 090530,179.41873,26.594,1.09e-06,2009-05-30T03:18:18.384300,Swift-BAT,40.46
GRB 090531A,178.664,7.83,1.54e-06,2009-05-31T01:45:17.389720,Swift-BAT,42.8
GRB 090531B,252.074667,-36.034361,6.13e-07,2009-05-31T18:35:56.171780,Swift-BAT,55.0
GRB 090607,191.167708,44.105833,1.14e-07,2009-06-07T05:30:17.401940,Swift-BAT,2.29
GRB 090618,293.99456,78.35676,0.000109,2009-06-18T08:28:29.851180,Swift-BAT,113.34
GRB 090621A,11.021333,61.941083,0.0,2009-06-21T04:22:43.155300,Swift-BAT,0.0
GRB 090621B,313.470667,69.028167,7.32e-08,2009-06-21T22:07:25.649220,Swift-BAT,0.14
GRB 090625B,2.264417,-65.780361,0.0,2009-06-25T13:26:21,Swift-BAT,0.0
GRB 090628,237.053208,-15.984667,9.04e-07,2009-06-28T21:20:12.029720,Swift-BAT,24.95
GRB 090702,175.897458,11.501806,0.0,2009-07-02T10:40:37,Swift-BAT,0.0
GRB 090708,154.635,26.612,5.01e-07,2009-07-08T03:38:15.267780,Swift-BAT,8.7
GRB 090709A,289.927667,60.727583,2.53e-05,2009-07-09T07:38:34.592520,Swift-BAT,88.73
GRB 090709B,93.506,64.074,1.47e-06,2009-07-09T15:07:42.879640,Swift-BAT,27.02
GRB 090712,70.094,22.525,3.88e-06,2009-07-12T03:51:05.176560,Swift-BAT,186.68
GRB 090715A,152.115,10.005,9.52e-07,2009-07-15T17:25:39.150560,Swift-BAT,64.0
GRB 090715B,251.340292,44.839167,5.67e-06,2009-07-15T21:03:14.638140,Swift-BAT,265.39
GRB 090720A,203.680542,-10.334694,8.83e-07,2009-07-20T06:38:07.426000,Swift-BAT,3.0
GRB 090726,248.67935,72.884672,7.87e-07,2009-07-26T22:42:27.759160,Swift-BAT,56.68
GRB 090727,315.960833,64.925,1.42e-06,2009-07-27T22:42:18.028360,Swift-BAT,301.87
GRB 090728,29.6525,41.633222,1.09e-06,2009-07-28T14:45:45.962500,Swift-BAT,64.0
GRB 090807A,273.744042,10.265944,2.18e-06,2009-08-07T15:00:27.022480,Swift-BAT,146.36
GRB 090809A,328.679938,-0.083842,3.65e-07,2009-08-09T17:31:14.504600,Swift-BAT,7.84
GRB 090812,353.202292,-10.604722,5.73e-06,2009-08-12T06:02:08.897520,Swift-BAT,75.09
GRB 090813,225.785333,88.568194,1.33e-06,2009-08-13T04:10:43.154900,Swift-BAT,7.14
GRB 090814A,239.609792,25.631222,1.27e-06,2009-08-14T00:52:19.004460,Swift-BAT,78.22
GRB 090814B,64.757375,60.590333,0.0,2009-08-14T01:21:33,Swift-BAT,0.0
GRB 090815C,64.498,-65.945,4.47e-08,2009-08-15T23:21:39.254980,Swift-BAT,0.58
GRB 090817,63.965792,44.128806,0.0,2009-08-17T00:51:33,Swift-BAT,0.0
GRB 090823,128.677583,60.650556,0.0,2009-08-23T16:11:12,Swift-BAT,0.0
GRB 090827,18.451,-50.896389,1.19e-06,2009-08-27T19:06:24.342000,Swift-BAT,8.0
GRB 090831C,108.294292,-25.118667,3.81e-07,2009-08-31T21:30:25.929900,Swift-BAT,77.95
GRB 090902B,264.939208,27.324194,0.0,2009-09-02T11:05:08,Swift-BAT,0.0
GRB 090904A,100.884708,50.203444,2.89e-06,2009-09-04T01:01:06.945020,Swift-BAT,129.53
GRB 090904B,264.185792,-25.212917,1.27e-05,2009-09-04T01:24:18.112980,Swift-BAT,64.0
GRB 090912,188.042917,61.484639,4.48e-06,2009-09-12T15:50:29.864660,Swift-BAT,135.52
GRB 090915,238.02016,15.48772,6.05e-07,2009-09-15T15:35:36.000,Swift-BAT,9.6
GRB 090916,126.582,25.941,9.38e-07,2009-09-16T07:00:44.126400,Swift-BAT,62.45
GRB 090926A,353.400154,-66.324067,0.0,2009-09-26T04:20:27,Swift-BAT,0.0
GRB 090926B,46.308083,-39.006167,7.13e-06,2009-09-26T21:55:48.416220,Swift-BAT,99.28
GRB 090927,343.972583,-70.980428,1.98e-07,2009-09-27T10:07:16.926760,Swift-BAT,2.16
GRB 090929A,56.494,-5.952,0.0,2009-09-29T04:33:04,Swift-BAT,0.0
GRB 090929B,117.720167,-0.657556,5.82e-06,2009-09-29T10:09:07.257040,Swift-BAT,361.6
GRB 091003,251.519529,36.625211,0.0,2009-10-03T04:35:46,Swift-BAT,0.0
GRB 091010,298.665583,-22.518056,0.0,2009-10-10T02:43:09,Swift-BAT,0.0
GRB 091018,32.18588,-57.54827,1.43e-06,2009-10-18T20:48:19.585200,Swift-BAT,4.37
GRB 091020,175.73,50.97833,3.8e-06,2009-10-20T21:36:44.667340,Swift-BAT,38.92
GRB 091024,339.24875,56.889833,5.98e-06,2009-10-24T08:56:01.265340,Swift-BAT,112.28
GRB 091026,276.574292,-86.111556,2.03e-06,2009-10-26T13:11:30.155080,Swift-BAT,174.0
GRB 091029,60.17745,-55.95557,2.41e-06,2009-10-29T03:53:22.595560,Swift-BAT,39.18
GRB 091102,72.615542,-72.519694,5.25e-07,2009-11-02T14:34:38.358760,Swift-BAT,6.65
GRB 091104,208.756042,47.41075,7.61e-07,2009-11-04T08:49:22.769700,Swift-BAT,107.14
GRB 091109A,309.25749,-44.158222,1.64e-06,2009-11-09T04:57:43.363760,Swift-BAT,48.03
GRB 091109B,112.735875,-54.089681,1.95e-07,2009-11-09T21:49:03.157720,Swift-BAT,0.27
GRB 091111,137.825,-45.925472,0.0,2009-11-11T15:21:59,Swift-BAT,0.0
GRB 091112,257.753,-36.729,2.09e-06,2009-11-12T17:41:21.081480,Swift-BAT,19.59
GRB 091117A,30.966,-16.943,4.32e-07,2009-11-17T17:44:22.891000,Swift-BAT,0.384
GRB 091127,36.582875,-18.952389,8.44e-06,2009-11-27T23:25:45.805160,Swift-BAT,7.42
GRB 091130B,203.148292,34.088778,1.46e-06,2009-11-30T17:59:04.773120,Swift-BAT,130.91
GRB 091202,138.832292,62.549722,0.0,2009-12-02T23:10:12,Swift-BAT,0.0
GRB 091208A,0.274,65.67,1.8e-06,2009-12-08T08:46:00.559040,Swift-BAT,80.0
GRB 091208B,29.39204,16.88967,3.2e-06,2009-12-08T09:49:57.998900,Swift-BAT,14.8
GRB 091221,55.7975,23.24119,5.65e-06,2009-12-21T20:52:52.295660,Swift-BAT,68.49
GRB 091230,132.91325,-53.897972,0.0,2009-12-30T06:27:30,Swift-BAT,0.0
GRB 100103A,112.372958,-34.489917,0.0,2010-01-03T17:42:32,Swift-BAT,0.0
GRB 100111A,247.04833,15.55064,6.67e-07,2010-01-11T04:12:49.036100,Swift-BAT,12.88
GRB 100115A,3.366875,-0.825667,0.0,2010-01-15T11:15:19,Swift-BAT,3.0
GRB 100117A,11.269417,-1.594969,9.3e-08,2010-01-17T21:06:19.576420,Swift-BAT,0.29
GRB 100119A,299.308,-53.149,1.45e-05,2010-01-19T18:25:25.746880,Swift-BAT,28.99
GRB 100203A,96.225,4.793,0.0,2010-02-03T18:31:07,Swift-BAT,0.0
GRB 100205A,141.387583,31.740278,3.98e-07,2010-02-05T04:18:43.074340,Swift-BAT,26.0
GRB 100206A,47.162625,13.157028,1.4e-07,2010-02-06T13:30:05.374220,Swift-BAT,0.12
GRB 100212A,356.417625,49.494639,1.09e-06,2010-02-12T14:07:22.028320,Swift-BAT,164.97
GRB 100213A,349.391833,43.379028,2.6e-07,2010-02-13T22:27:48.212320,Swift-BAT,2.22
GRB 100213B,124.283083,43.448594,1.17e-06,2010-02-13T22:58:34.216240,Swift-BAT,96.0
GRB 100216A,154.263,35.524,4.7e-08,2010-02-16T10:07:00,Swift-BAT,0.0
GRB 100219A,154.202042,-12.566806,4.28e-07,2010-02-19T15:15:46.455360,Swift-BAT,22.17
GRB 100302A,195.516125,74.590139,2.98e-07,2010-03-02T19:53:06.422100,Swift-BAT,18.01
GRB 100305A,168.367917,42.402917,1.46e-06,2010-03-05T09:05:38.414420,Swift-BAT,70.34
GRB 100316A,251.97875,71.827083,8.24e-07,2010-03-16T02:23:00.430180,Swift-BAT,6.74
GRB 100316B,163.48809,-45.47265,2.05e-07,2010-03-16T08:01:36.973480,Swift-BAT,3.92
GRB 100316C,32.28725,-67.991444,1.73e-07,2010-03-16T08:57:59.501360,Swift-BAT,9.26
GRB 100316D,107.62725,-56.255556,3.42e-06,2010-03-16T12:44:50.380880,Swift-BAT,518.66
GRB 100322B,76.489,42.685,5e-08,2010-03-22T07:06:18,Swift-BAT,1.5
GRB 100324A,98.612,-9.735,7e-08,2010-03-24T00:21:27,Swift-BAT,6.0
GRB 100331A,261.0831,-58.943,0.0,2010-03-31T00:30:30,Swift-BAT,0.0
GRB 100331B,303.021417,-11.108111,0.0,2010-03-31T21:08:38,Swift-BAT,0.0
GRB 100401A,290.813,-8.257,3.6e-08,2010-04-01T07:07:32,Swift-BAT,0.0
GRB 100413A,266.2215,15.834222,6.16e-06,2010-04-13T17:33:28.376380,Swift-BAT,191.18
GRB 100413B,356.8264,51.2704,4.3e-07,2010-04-13T08:42:41,Swift-BAT,0.0
GRB 100414A,192.112333,8.693031,0.0,2010-04-14T02:20:21,Swift-BAT,0.0
GRB 100418A,256.362875,11.46175,3.29e-07,2010-04-18T21:10:08.040780,Swift-BAT,7.67
GRB 100420A,296.127375,55.769444,4.51e-07,2010-04-20T05:22:42.276700,Swift-BAT,48.0
GRB 100423A,136.45925,21.498417,8.53e-06,2010-04-23T00:34:59.164220,Swift-BAT,114.99
GRB 100424A,209.447625,1.538583,1.35e-06,2010-04-24T16:32:42.263180,Swift-BAT,86.23
GRB 100425A,299.196375,-26.430583,5.13e-07,2010-04-25T02:50:45.077880,Swift-BAT,41.2
GRB 100427A,89.171,-3.461,0.0,2010-04-27T08:31:55,Swift-BAT,0.0
GRB 100504A,255.571375,-35.587278,2.37e-06,2010-05-04T19:20:59.512540,Swift-BAT,97.88
GRB 100508A,76.245792,-20.711417,7.92e-07,2010-05-08T09:20:42.221700,Swift-BAT,57.02
GRB 100513A,169.611667,3.627778,1.33e-06,2010-05-13T02:07:08.767460,Swift-BAT,72.47
GRB 100514A,328.82275,29.160036,3.77e-07,2010-05-14T18:53:58.170320,Swift-BAT,24.96
GRB 100518A,304.788875,-24.554583,0.0,2010-05-18T11:33:35,Swift-BAT,0.0
GRB 100522A,6.986542,9.40175,2.08e-06,2010-05-22T03:45:52.323860,Swift-BAT,48.0
GRB 100526A,230.769042,25.632194,2.55e-06,2010-05-26T16:26:10.166000,Swift-BAT,104.07
GRB 100526B,0.734833,-37.912889,5.31e-07,2010-05-26T19:00:38.517680,Swift-BAT,66.0
GRB 100528A,311.1413,27.8066,0.0,2010-05-28T01:48:05,Swift-BAT,0.0
GRB 100606A,350.626583,-66.241333,6.39e-06,2010-06-06T19:12:41.811980,Swift-BAT,480.0
GRB 100614A,263.499375,49.234139,2.71e-06,2010-06-14T21:38:26.107200,Swift-BAT,225.0
GRB 100615A,177.205583,-19.481111,4.95e-06,2010-06-15T01:59:03.994640,Swift-BAT,38.81
GRB 100619A,84.622292,-27.005556,4.55e-06,2010-06-19T00:21:07.246620,Swift-BAT,97.55
GRB 100621A,315.3045,-51.10625,1.94e-05,2010-06-21T03:03:32.840140,Swift-BAT,63.68
GRB 100625A,15.795458,-39.088444,7.03e-07,2010-06-25T18:32:28.377940,Swift-BAT,385.54
GRB 100628A,225.972792,-31.6635,1.52e-08,2010-06-28T08:16:40.830060,Swift-BAT,0.03
GRB 100702A,245.697042,-56.531083,1.16e-07,2010-07-02T01:03:47.206620,Swift-BAT,0.16
GRB 100704A,133.6415,-24.202806,5.72e-06,2010-07-04T03:35:08.736120,Swift-BAT,192.81
GRB 100713A,255.201542,28.39425,0.0,2010-07-13T14:36:06,Swift-BAT,0.0
GRB 100719A,112.319,-5.857,5.31e-07,2010-07-19T03:30:57.937820,Swift-BAT,36.0
GRB 100724A,194.543333,-11.1025,1.56e-07,2010-07-24T00:42:19.202780,Swift-BAT,1.42
GRB 100724B,124.16,74.42,0.0,2010-07-24T00:42:05,Swift-BAT,0.0
GRB 100725A,166.481583,-26.670472,2.04e-06,2010-07-25T07:12:52.414860,Swift-BAT,140.9
GRB 100725B,290.033375,76.956444,6.84e-06,2010-07-25T11:24:34.494340,Swift-BAT,199.76
GRB 100727A,154.17775,-21.390611,1.2e-06,2010-07-27T05:42:17.784900,Swift-BAT,86.44
GRB 100728A,88.758375,-15.255667,3.78e-05,2010-07-28T02:18:24.246260,Swift-BAT,198.55
GRB 100728B,44.05611,0.28116,1.67e-06,2010-07-28T10:31:55.829200,Swift-BAT,12.08
GRB 100802A,2.46825,47.755222,3.53e-06,2010-08-02T05:45:36.166420,Swift-BAT,472.6
GRB 100805A,299.87713,52.62783,5.09e-07,2010-08-05T04:12:42.269380,Swift-BAT,16.62
GRB 100807A,55.301792,67.6715,2.95e-07,2010-08-07T09:13:13.622520,Swift-BAT,7.0
GRB 100814A,22.47338,-17.99545,8.98e-06,2010-08-14T03:50:11.265420,Swift-BAT,174.72
GRB 100816A,351.739917,26.578528,1.84e-06,2010-08-16T00:37:51.355600,Swift-BAT,2.56
GRB 100823A,20.70429,5.83511,4.08e-07,2010-08-23T17:25:35.715620,Swift-BAT,16.88
GRB 100901A,27.26424,22.75856,1.93e-06,2010-09-01T13:34:10.376100,Swift-BAT,436.44
GRB 100902A,48.629,30.979111,3.09e-06,2010-09-02T19:31:53.860200,Swift-BAT,356.42
GRB 100904A,172.907,-16.185,1.25e-06,2010-09-04T01:33:43.808300,Swift-BAT,31.3
GRB 100905A,31.550167,14.929528,1.73e-07,2010-09-05T15:08:14.715440,Swift-BAT,3.4
GRB 100906A,28.683833,55.630361,1.17e-05,2010-09-06T13:49:27.416480,Swift-BAT,114.34
GRB 100909A,73.949417,54.658917,0.0,2010-09-09T09:04:00,Swift-BAT,0.0
GRB 100915A,315.694625,65.672972,1.46e-06,2010-09-15T01:31:05.822060,Swift-BAT,198.66
GRB 100915B,85.3944,25.0949,0.0,2010-09-15T05:49:39,Swift-BAT,0.0
GRB 100917A,289.25,-17.12,8.6e-07,2010-09-17T05:03:25.783360,Swift-BAT,65.46
GRB 100924A,0.676083,7.000778,7.56e-06,2010-09-24T03:58:08.897460,Swift-BAT,71.86
GRB 100928A,223.037,-28.542,3.49e-07,2010-09-28T02:19:52.757060,Swift-BAT,3.26
GRB 101008A,328.875292,37.067111,1.13e-06,2010-10-08T16:43:15.219700,Swift-BAT,104.27
GRB 101011A,48.29487,-65.98167,1.38e-06,2010-10-11T16:58:35.338240,Swift-BAT,70.98
GRB 101017A,291.38565,-35.14482,1.69e-05,2010-10-17T10:32:47.416220,Swift-BAT,74.89
GRB 101020A,189.607,23.129,2.59e-06,2010-10-20T23:40:41.709060,Swift-BAT,177.28
GRB 101023A,317.9636,-65.38769,2.73e-05,2010-10-23T22:50:12.387740,Swift-BAT,80.68
GRB 101024A,66.507333,-77.265456,1.45e-06,2010-10-24T11:39:29.826060,Swift-BAT,18.72
GRB 101030A,166.382,-16.378083,2.89e-06,2010-10-30T15:56:29.902620,Swift-BAT,101.67
GRB 101112A,292.228567,39.352964,0.0,2010-11-12T22:10:24,Swift-BAT,0.0
GRB 101114A,303.211333,14.033,8e-07,2010-11-14T00:32:50,Swift-BAT,0.0
GRB 101117B,173.00225,-72.66275,1.11e-06,2010-11-17T19:13:23.925160,Swift-BAT,5.31
GRB 101129A,155.921,-17.645,9e-08,2010-11-29T15:39:31,Swift-BAT,0.35
GRB 101201A,1.967458,-16.184839,0.0,2010-12-01T10:01:48,Swift-BAT,0.0
GRB 101204A,167.53683,-20.42014,1.2e-06,2010-12-04T23:53:29,Swift-BAT,10.0
GRB 101213A,241.313833,21.897444,4.97e-06,2010-12-13T10:49:23.075680,Swift-BAT,134.91
GRB 101219A,74.585375,-2.539722,4.2e-07,2010-12-19T02:31:29.757600,Swift-BAT,0.83
GRB 101219B,12.23061,-34.56652,2.66e-06,2010-12-19T16:27:53.519740,Swift-BAT,41.95
GRB 101224A,285.924083,45.71375,6.85e-08,2010-12-24T05:27:13.761240,Swift-BAT,0.24
GRB 101225A,0.197917,44.600667,1.83e-06,2010-12-25T18:37:45.500280,Swift-BAT,1088.0
GRB 110102A,245.88087,7.61383,1.65e-05,2011-01-02T18:52:25.474700,Swift-BAT,263.8
GRB 110106A,79.306208,64.173583,2.93e-07,2011-01-06T15:25:16.214380,Swift-BAT,3.97
GRB 110106B,134.155279,47.002914,2.05e-06,2011-01-06T21:26:17.013580,Swift-BAT,43.46
GRB 110107A,299.909292,41.914278,5.8e-06,2011-01-07T21:15:51,Swift-BAT,0.0
GRB 110112A,329.9325,26.457194,2.79e-08,2011-01-12T04:12:18.468660,Swift-BAT,0.51
GRB 110112B,10.599,64.406,0.0,2011-01-12T22:24:55,Swift-BAT,0.0
GRB 110119A,348.58587,5.98626,7.03e-06,2011-01-19T22:20:58.379640,Swift-BAT,214.41
GRB 110128A,193.89625,28.065028,7.18e-07,2011-01-28T01:44:33.009360,Swift-BAT,30.67
GRB 110201A,137.582125,88.605611,6.82e-07,2011-02-01T09:35:08.899340,Swift-BAT,11.68
GRB 110205A,164.629583,67.52525,1.71e-05,2011-02-05T02:02:41.367420,Swift-BAT,266.68
GRB 110206A,92.3335,-58.806917,0.0,2011-02-06T18:08:05,Swift-BAT,0.0
GRB 110207A,12.54,-10.79,1.59e-06,2011-02-07T11:17:20.015680,Swift-BAT,80.27
GRB 110208A,22.461917,-20.592639,2.69e-07,2011-02-08T21:10:46.347120,Swift-BAT,36.74
GRB 110210A,13.056792,7.77975,9.6e-07,2011-02-10T09:52:41.350180,Swift-BAT,233.6
GRB 110212A,69.025,43.716,2.53e-07,2011-02-12T01:09:08.736900,Swift-BAT,3.68
GRB 110213A,42.964125,49.273206,5.87e-06,2011-02-13T05:17:29.533120,Swift-BAT,48.0
GRB 110213B,41.756042,1.14625,0.0,2011-02-13T14:31:48,Swift-BAT,0.0
GRB 110223A,345.852167,87.557861,1.6e-07,2011-02-23T20:56:59.226720,Swift-BAT,7.0
GRB 110223B,150.23325,-68.301667,5.85e-07,2011-02-23T21:25:48.058660,Swift-BAT,61.76
GRB 110305A,260.880417,-15.802444,7.86e-07,2011-03-05T06:38:01.212340,Swift-BAT,12.0
GRB 110312A,157.48125,-5.262417,8.23e-07,2011-03-12T17:55:37.252080,Swift-BAT,34.96
GRB 110315A,279.195167,17.538972,4.06e-06,2011-03-15T23:57:04.537480,Swift-BAT,87.76
GRB 110318A,338.292,-15.278,4.85e-06,2011-03-18T13:14:19.601160,Swift-BAT,16.85
GRB 110318B,211.678167,-51.578806,2.79e-07,2011-03-18T15:27:09.712860,Swift-BAT,4.28
GRB 110319A,356.50287,-66.01122,1.43e-06,2011-03-19T02:16:41.615380,Swift-BAT,19.26
GRB 110319B,326.094792,-56.782417,1e-06,2011-03-19T19:34:02,Swift-BAT,14.5
GRB 110402A,197.402667,61.252694,3.4e-06,2011-04-02T00:12:57.186040,Swift-BAT,60.9
GRB 110407A,186.031392,15.711842,1.64e-06,2011-04-07T14:06:41.167860,Swift-BAT,154.93
GRB 110411A,291.440208,67.710861,3.3e-06,2011-04-11T19:34:11.842080,Swift-BAT,79.4
GRB 110412A,133.491,13.488,1.7e-06,2011-04-12T07:33:21.152460,Swift-BAT,21.47
GRB 110414A,97.872917,24.362417,3.93e-06,2011-04-14T07:42:14.521920,Swift-BAT,220.0
GRB 110420A,2.16363,-37.88664,6.12e-06,2011-04-20T11:02:24.037860,Swift-BAT,13.8
GRB 110420B,320.045,-41.277,2.9e-08,2011-04-20T22:42:11.716260,Swift-BAT,0.08
GRB 110422A,112.046083,75.106944,3.67e-05,2011-04-22T15:41:55.870640,Swift-BAT,25.77
GRB 110426A,221.088,-11.153,0.0,2011-04-26T15:06:26,Swift-BAT,0.0
GRB 110428A,5.460167,64.815444,0.0,2011-04-28T09:18:29,Swift-BAT,0.0
GRB 110503A,132.775875,52.207619,1.02e-05,2011-05-03T17:35:45.530200,Swift-BAT,10.05
GRB 110519A,261.638,-23.426,3.99e-06,2011-05-19T02:12:16.711700,Swift-BAT,27.22
GRB 110520A,134.34074,56.42735,1.07e-06,2011-05-20T20:28:48.193920,Swift-BAT,15.68
GRB 110521A,120.132958,45.826917,6.72e-07,2011-05-21T15:51:31.455260,Swift-BAT,96.0
GRB 110530A,282.06833,61.92913,5.05e-07,2011-05-30T15:31:02.689700,Swift-BAT,54.24
GRB 110604A,270.85925,18.399278,0.0,2011-06-04T14:49:46,Swift-BAT,0.0
GRB 110608A,315.2812,32.0413,0.0,2011-06-08T16:02:03.5,Swift-BAT,0.0
GRB 110610A,308.178083,74.825,4.92e-06,2011-06-10T15:21:32.029260,Swift-BAT,46.29
GRB 110625A,286.731667,6.753778,2.82e-05,2011-06-25T21:08:28.426680,Swift-BAT,42.48
GRB 110708A,340.1135,53.962111,0.0,2011-07-08T04:43:22,Swift-BAT,0.0
GRB 110709A,238.891417,40.924194,1.01e-05,2011-07-09T15:24:29.148680,Swift-BAT,44.32
GRB 110709B,164.654642,-23.454656,4.98e-05,2011-07-09T21:32:39.835840,Swift-BAT,55.67
GRB 110715A,237.68369,-46.23515,1.18e-05,2011-07-15T13:13:50.984920,Swift-BAT,13.0
GRB 110719A,24.580833,34.586278,1.62e-06,2011-07-19T06:09:11.868540,Swift-BAT,64.0
GRB 110721A,333.4,-39.0,0.0,2011-07-21T04:47:43.75,Swift-BAT,0.0
GRB 110726A,286.71693,56.0713,2.18e-07,2011-07-26T01:30:40.549800,Swift-BAT,5.16
GRB 110731A,280.50413,-28.537167,5.96e-06,2011-07-31T11:09:30.451760,Swift-BAT,41.06
GRB 110801A,89.43695,80.95592,4.72e-06,2011-08-01T19:49:42.991200,Swift-BAT,385.27
GRB 110802A,44.455,32.593,0.0,2011-08-02T15:19:17,Swift-BAT,0.0
GRB 110808A,57.2678,-44.19448,3.27e-07,2011-08-08T06:18:54.201560,Swift-BAT,48.0
GRB 110815A,85.297,32.442,0.0,2011-08-15T09:40:57,Swift-BAT,0.0
GRB 110818A,317.337667,-63.981194,3.99e-06,2011-08-18T20:37:49.205860,Swift-BAT,86.88
GRB 110820A,343.192083,70.298639,8.2e-07,2011-08-20T17:38:27.791540,Swift-BAT,258.55
GRB 110825A,44.896,15.407,0.0,2011-08-25T02:26:50,Swift-BAT,0.0
GRB 110827A,164.059,53.817,1.81e-07,2011-08-27T00:01:52.506420,Swift-BAT,8.54
GRB 110903A,197.065917,58.981611,0.0,2011-09-03T02:39:55,Swift-BAT,0.0
GRB 110906A,296.915,-26.231,0.0,2011-09-06T12:25:13,Swift-BAT,0.0
GRB 110915A,310.824542,-0.723167,5.78e-06,2011-09-15T13:20:44.408340,Swift-BAT,79.57
GRB 110915B,77.554667,1.932806,0.0,2011-09-15T18:24:19,Swift-BAT,0.0
GRB 110918A,32.539125,-27.105444,0.0,2011-09-18T21:26:57,Swift-BAT,0.0
GRB 110921A,294.097825,36.328717,2.39e-06,2011-09-21T13:51:20.163880,Swift-BAT,48.0
GRB 110928A,257.732667,36.535722,6.99e-07,2011-09-28T01:51:31.789800,Swift-BAT,26.76
GRB 111005A,223.282417,-19.736722,6.2e-07,2011-10-05T08:05:14.229140,Swift-BAT,26.18
GRB 111008A,60.451,-32.709278,5.35e-06,2011-10-08T22:12:58.280940,Swift-BAT,63.39
GRB 111016A,153.834292,27.462222,4.03e-06,2011-10-16T18:37:04.526260,Swift-BAT,547.48
GRB 111018A,271.488667,-3.90725,4.01e-07,2011-10-18T17:26:24.519600,Swift-BAT,36.54
GRB 111020A,287.052092,-38.011828,6.46e-08,2011-10-20T06:33:49.058300,Swift-BAT,0.4
GRB 111022A,275.864833,-23.673222,1.9e-06,2011-10-22T16:07:04.954100,Swift-BAT,24.8
GRB 111022B,108.964833,49.683806,8.98e-07,2011-10-22T17:13:04.505940,Swift-BAT,79.09
GRB 111026A,244.256,-47.435,1.67e-07,2011-10-26T06:47:29.005720,Swift-BAT,3.62
GRB 111029A,44.783625,57.110972,4.22e-07,2011-10-29T09:44:40.483020,Swift-BAT,6.78
GRB 111103A,327.111,-10.532,1.39e-06,2011-11-03T10:35:13.489780,Swift-BAT,11.62
GRB 111103B,265.693292,1.610056,7.96e-06,2011-11-03T10:59:03.953720,Swift-BAT,162.16
GRB 111107A,129.47775,-66.52009,8.83e-07,2011-11-07T00:50:24.005480,Swift-BAT,26.62
GRB 111109A,118.203583,-41.5845,2.44e-07,2011-11-09T02:57:46.046320,Swift-BAT,13.0
GRB 111117A,12.692738,23.011114,1.45e-07,2011-11-17T12:13:41.921600,Swift-BAT,0.46
GRB 111121A,154.761208,-46.670722,2.2e-06,2011-11-21T16:26:24.635300,Swift-BAT,117.76
GRB 111123A,154.846375,-20.644722,7.32e-06,2011-11-23T18:13:21.100200,Swift-BAT,290.0
GRB 111126A,276.057,51.461,7e-08,2011-11-26T18:57:42,Swift-BAT,0.8
GRB 111129A,307.43396,-52.71293,1.8e-07,2011-11-29T16:18:14.327920,Swift-BAT,7.87
GRB 111201A,190.478,32.987194,4.6e-07,2011-12-01T14:22:45,Swift-BAT,0.0
GRB 111204A,336.628375,-31.374806,4.66e-07,2011-12-04T13:37:28.359180,Swift-BAT,48.0
GRB 111205A,134.679292,-31.943278,0.0,2011-12-05T13:10:50,Swift-BAT,0.0
GRB 111207A,92.924,-39.504,0.0,2011-12-07T14:16:59,Swift-BAT,3.0
GRB 111208A,290.224333,40.676167,9.8e-07,2011-12-08T08:28:11,Swift-BAT,20.0
GRB 111209A,14.34429,-46.80106,3.61e-05,2011-12-09T07:19:12.342960,Swift-BAT,828.6
GRB 111210A,191.47675,-7.166028,1.64e-07,2011-12-10T14:37:03.186460,Swift-BAT,2.52
GRB 111211A,153.090333,11.208139,0.0,2011-12-11T22:17:33,Swift-BAT,0.0
GRB 111212A,310.431542,-68.612417,1.4e-06,2011-12-12T09:23:07.084300,Swift-BAT,59.84
GRB 111215A,349.555458,32.494217,2.68e-06,2011-12-15T14:04:08.321280,Swift-BAT,374.27
GRB 111215B,222.403,16.439,0.0,2011-12-15T20:28:06,Swift-BAT,0.0
GRB 111222A,179.22008,69.07096,0.0,2011-12-22T14:51:55,Swift-BAT,0.0
GRB 111225A,13.1551,51.57208,1.31e-06,2011-12-25T03:50:37.792220,Swift-BAT,106.44
GRB 111228A,150.06684,18.297834,8.55e-06,2011-12-28T15:44:43.604140,Swift-BAT,101.22
GRB 111229A,76.28692,-84.71085,3.32e-07,2011-12-29T22:37:52.271700,Swift-BAT,26.87
GRB 120102A,276.22456,24.71309,4.34e-06,2012-01-02T02:15:55.012820,Swift-BAT,38.73
GRB 120106A,66.107542,64.038361,9.75e-07,2012-01-06T14:16:24.245280,Swift-BAT,61.66
GRB 120107A,246.31,-69.93,0.0,2012-01-07T09:12:15,Swift-BAT,0.0
GRB 120114A,317.9043,57.0358,0.0,2012-01-14T16:20:09,Swift-BAT,35.0
GRB 120116A,16.241,33.930861,2.89e-06,2012-01-16T18:06:28.050200,Swift-BAT,38.1
GRB 120118B,124.871,-7.18475,2e-06,2012-01-18T17:00:21.195400,Swift-BAT,54.72
GRB 120119A,120.02889,-9.08159,1.72e-05,2012-01-19T04:04:30.217780,Swift-BAT,253.84
GRB 120121A,249.354292,-23.961444,1.1e-06,2012-01-21T09:42:19.266000,Swift-BAT,26.09
GRB 120202A,203.5065,22.7747,0.0,2012-02-02T21:40:17,Swift-BAT,0.0
GRB 120211A,87.75379,-24.7754,8.3e-07,2012-02-11T11:58:28.088540,Swift-BAT,58.29
GRB 120212A,43.1002,-18.02062,5.13e-07,2012-02-12T09:11:22.741460,Swift-BAT,5.52
GRB 120213A,301.01207,65.41128,1.86e-06,2012-02-13T00:27:19.539240,Swift-BAT,41.02
GRB 120215A,30.04786,8.802,4.01e-07,2012-02-15T00:41:15.308260,Swift-BAT,26.58
GRB 120218A,319.7641,-25.4626,5.32e-06,2012-02-18T00:49:22.145800,Swift-BAT,27.61
GRB 120219A,129.790042,51.032083,5.42e-07,2012-02-19T14:30:08.092340,Swift-BAT,90.46
GRB 120224A,40.94222,-17.76129,2.39e-07,2012-02-24T04:39:56.492380,Swift-BAT,8.13
GRB 120226A,300.05,48.81,0.0,2012-02-26T20:54:17.03,Swift-BAT,0.0
GRB 120229A,20.033,-35.796,4.05e-08,2012-02-29T14:35:11.161400,Swift-BAT,0.22
GRB 120302A,122.39825,29.627972,6.6e-07,2012-03-02T01:55:39,Swift-BAT,40.0
GRB 120305A,47.53649,28.49171,2.01e-07,2012-03-05T19:37:30.107140,Swift-BAT,0.1
GRB 120308A,219.083542,79.686722,1.17e-06,2012-03-08T06:13:38.654560,Swift-BAT,60.57
GRB 120311A,273.092358,14.296194,3.08e-07,2012-03-11T05:33:38.324140,Swift-BAT,5.0
GRB 120311B,258.56213,-13.05146,1.02e-06,2012-03-11T15:08:10.834740,Swift-BAT,28.36
GRB 120312A,251.788458,23.858028,5.68e-07,2012-03-12T16:06:28.751080,Swift-BAT,13.9
GRB 120320A,212.51758,8.69644,6.11e-07,2012-03-20T11:56:15.603640,Swift-BAT,26.18
GRB 120324A,291.07845,24.12972,9.88e-06,2012-03-24T05:59:11.334480,Swift-BAT,119.55
GRB 120326A,273.904708,69.259722,2.58e-06,2012-03-26T01:20:29.280140,Swift-BAT,69.62
GRB 120327A,246.8645,-29.414928,3.61e-06,2012-03-27T02:55:16.636400,Swift-BAT,62.88
GRB 120328A,241.61391,-39.33574,4.74e-07,2012-03-28T03:06:19.032840,Swift-BAT,24.17
GRB 120401A,58.08258,-17.63569,9.03e-07,2012-04-01T05:24:15.946360,Swift-BAT,130.28
GRB 120403A,42.458,40.489,9.96e-08,2012-04-03T01:05:23.587920,Swift-BAT,1.25
GRB 120403B,55.27819,-89.00861,2.08e-07,2012-04-03T20:33:56.481060,Swift-BAT,7.28
GRB 120404A,235.0095,12.885028,1.5e-06,2012-04-04T12:51:02.398680,Swift-BAT,37.16
GRB 120419A,187.38762,-63.00791,0.0,2012-04-19T12:56:25,Swift-BAT,0.0
GRB 120422A,136.910083,14.018639,2.39e-07,2012-04-22T07:12:03,Swift-BAT,7.0
GRB 120426A,111.537,-65.631,0.0,2012-04-26T02:09:14,Swift-BAT,0.0
GRB 120510A,44.285,72.85,0.0,2012-05-10T08:47:44,Swift-BAT,0.0
GRB 120514A,283.00076,-4.26357,2.84e-06,2012-05-14T01:12:49,Swift-BAT,158.78
GRB 120521A,148.72464,-49.41734,7.8e-08,2012-05-21T05:59:42,Swift-BAT,0.45
GRB 120521B,197.00992,-52.75465,2.16e-06,2012-05-21T09:07:48,Swift-BAT,117.44
GRB 120521C,214.286675,42.144783,1.15e-06,2012-05-21T23:22:07,Swift-BAT,26.74
GRB 120612A,126.72166,-17.57474,1.22e-06,2012-06-12T02:05:19,Swift-BAT,89.94
GRB 120614A,312.73,65.16,0.0,2012-06-14T05:49:10,Swift-BAT,0.0
GRB 120622A,205.43,-1.71,0.0,2012-06-22T03:21:46,Swift-BAT,0.0
GRB 120624B,170.884625,8.928556,2.83e-05,2012-06-24T22:19:51,Swift-BAT,179.78
GRB 120630A,352.2948,42.5548,6.14e-08,2012-06-30T23:17:33.768,Swift-BAT,0.58
GRB 120701A,80.348,-58.549528,1.4e-06,2012-07-01T07:50:41.57,Swift-BAT,13.66
GRB 120703A,339.356708,-29.72325,3.64e-06,2012-07-03T17:25:22,Swift-BAT,47.51
GRB 120709A,318.41,-50.03,0.0,2012-07-09T21:11:40.37,Swift-BAT,0.0
GRB 120711A,94.678496,-70.999106,0.0,2012-07-11T02:44:48,Swift-BAT,0.0
GRB 120711B,331.69137,60.02267,5.58e-07,2012-07-11T03:11:02.58,Swift-BAT,60.1
GRB 120712A,169.5885,-20.033722,1.84e-06,2012-07-12T13:42:27,Swift-BAT,14.8
GRB 120714A,167.98289,-30.6273,8.64e-07,2012-07-14T07:46:46,Swift-BAT,20.0
GRB 120714B,355.40864,-46.18387,1.2e-06,2012-07-14T21:18:46.57,Swift-BAT,163.74
GRB 120716A,313.050708,9.598306,0.0,2012-07-16T17:05:04,Swift-BAT,0.0
GRB 120722A,230.4966,13.2513,1.29e-06,2012-07-22T12:53:26,Swift-BAT,31.31
GRB 120724A,245.18062,3.50772,7.32e-07,2012-07-24T06:39:02,Swift-BAT,65.54
GRB 120728A,137.09425,-54.437361,2.42e-06,2012-07-28T22:25:11,Swift-BAT,22.05
GRB 120729A,13.07431,49.93974,2.52e-06,2012-07-29T10:56:14,Swift-BAT,93.8
GRB 120802A,44.84258,13.76835,1.86e-06,2012-08-02T08:00:51,Swift-BAT,50.29
GRB 120803A,269.514,-6.7628,2.82e-07,2012-08-03T07:22:16,Swift-BAT,8.89
GRB 120803B,314.23525,53.304,2.23e-06,2012-08-03T11:06:06,Swift-BAT,38.88
GRB 120804A,233.947875,-28.782417,8.77e-07,2012-08-04T00:54:14,Swift-BAT,0.81
GRB 120805A,216.538,5.825472,8.22e-07,2012-08-05T21:28:09,Swift-BAT,48.0
GRB 120807A,241.26016,-47.47972,2.9e-07,2012-08-07T07:09:37,Swift-BAT,20.59
GRB 120811A,257.16542,-22.71054,1.05e-06,2012-08-11T02:35:18,Swift-BAT,166.0
GRB 120811C,199.682625,62.300722,3.02e-06,2012-08-11T15:34:52,Swift-BAT,26.82
GRB 120815A,273.957583,-52.131139,4.94e-07,2012-08-15T02:13:58,Swift-BAT,9.71
GRB 120816A,282.14359,-6.93788,4.32e-07,2012-08-16T19:18:34,Swift-BAT,7.63
GRB 120817A,250.691333,-38.353444,6.91e-07,2012-08-17T06:49:42,Swift-BAT,28.18
GRB 120817B,8.31,-26.428,0.0,2012-08-17T04:02:30,Swift-BAT,0.0
GRB 120819A,235.907667,-7.309139,1.4e-06,2012-08-19T13:10:14,Swift-BAT,71.05
GRB 120821A,255.2692,-40.5212,0.0,2012-08-21T13:23:45,Swift-BAT,0.0
GRB 120830A,88.649,-28.984,0.0,2012-08-30T07:07:03.53,Swift-BAT,0.0
GRB 120907A,74.75002,-9.31501,6.13e-07,2012-09-07T00:24:23,Swift-BAT,6.99
GRB 120908A,230.64,-25.79,0.0,2012-09-08T22:31:00.02,Swift-BAT,0.0
GRB 120909A,275.736333,-59.448361,0.0,2012-09-09T01:42:03,Swift-BAT,0.0
GRB 120911A,357.97938,63.09879,1.08e-06,2012-09-11T07:08:33,Swift-BAT,21.44
GRB 120913A,146.4,26.959,8.69e-07,2012-09-13T20:18:21,Swift-BAT,30.14
GRB 120913B,213.66025,-14.515889,1.06e-05,2012-09-13T23:55:58,Swift-BAT,125.38
GRB 120918A,181.042,-32.762,3.68e-06,2012-09-18T11:16:10,Swift-BAT,25.08
GRB 120919A,214.768,-45.564,0.0,2012-09-19T07:24:41.98,Swift-BAT,0.0
GRB 120922A,234.7485,-20.181722,5.6e-06,2012-09-22T22:30:28,Swift-BAT,161.38
GRB 120923A,303.794917,6.221194,3.24e-07,2012-09-23T05:16:06,Swift-BAT,27.22
GRB 120927A,136.61375,0.41618,2.63e-06,2012-09-27T22:40:46,Swift-BAT,43.36
GRB 121001A,276.032667,-5.665361,1.72e-06,2012-10-01T18:23:02,Swift-BAT,147.8
GRB 121011A,260.213417,41.110389,2.39e-06,2012-10-11T11:15:30,Swift-BAT,97.23
GRB 121014A,166.645,-29.105,1.01e-06,2012-10-14T20:11:56,Swift-BAT,80.0
GRB 121017A,288.83007,-1.60453,6.19e-07,2012-10-17T19:23:28,Swift-BAT,5.0
GRB 121024A,70.472083,-12.290694,1.08e-06,2012-10-24T02:56:12,Swift-BAT,69.0
GRB 121025A,248.38182,27.67189,0.0,2012-10-25T07:46:30,Swift-BAT,0.0
GRB 121027A,63.597667,-58.829833,2.23e-06,2012-10-27T07:32:29,Swift-BAT,95.72
GRB 121028A,271.89948,-2.29358,3.18e-07,2012-10-28T05:04:31,Swift-BAT,2.8
GRB 121031A,170.77019,-3.51704,7.83e-06,2012-10-31T22:50:30,Swift-BAT,226.2
GRB 121102A,270.90091,-16.9579,1.94e-06,2012-11-02T02:27:02,Swift-BAT,55.12
GRB 121108A,83.19407,54.47351,9.62e-07,2012-11-08T17:47:39,Swift-BAT,89.52
GRB 121117A,31.61075,7.4195,1.4e-06,2012-11-17T08:50:56,Swift-BAT,130.82
GRB 121123A,307.31792,-11.85989,1.32e-05,2012-11-23T10:02:41,Swift-BAT,324.5
GRB 121125A,228.5274,55.31332,4.72e-06,2012-11-25T08:32:27,Swift-BAT,52.37
GRB 121128A,300.6,54.29974,6.89e-06,2012-11-28T05:05:37,Swift-BAT,23.44
GRB 121201A,13.46732,-42.94292,6.87e-07,2012-12-01T12:25:42,Swift-BAT,38.0
GRB 121202A,256.79691,23.94822,1.13e-06,2012-12-02T04:20:05,Swift-BAT,20.05
GRB 121209A,326.78719,-8.2353,2.75e-06,2012-12-09T21:59:11,Swift-BAT,339.14
GRB 121211A,195.53328,30.14849,1.33e-06,2012-12-11T13:47:02,Swift-BAT,182.71
GRB 121212A,177.793333,78.037583,1.39e-07,2012-12-12T06:56:13,Swift-BAT,6.06
GRB 121217A,153.710029,-62.350981,5.93e-06,2012-12-17T07:17:47,Swift-BAT,778.4
GRB 121226A,168.642167,-30.406358,1.45e-07,2012-12-26T19:09:43,Swift-BAT,0.9
GRB 121229A,190.101208,-50.5943,8.3e-07,2012-12-29T05:00:21,Swift-BAT,86.54
